gene_symbol,gene_symbol_normalized,hgnc_id,cspec_id,title,vcep,version,document_status,release_date,modified_at,diseases,modes_of_inheritance,legacy_replaced,legacy_fully_superseded,source_api_url,source_ui_url,fetched_at,content_sha256,parser_version
MYH7,MYH7,,GN002,ClinGen Cardiomyopathy Expert Panel Specifications to the ACMG/AMP Variant Interpretation Guidelines for MYH7 Version 2.0,Cardiomyopathy Variant Curation Expert Panel,2.0,current_released,2024-04-22T15:42:55.213Z,2024-04-22T15:42:55.213Z,"[{""id"": ""http://purl.obolibrary.org/obo/MONDO_0005021"", ""label"": ""MONDO:0005021""}, {""id"": ""http://purl.obolibrary.org/obo/MONDO_0005045"", ""label"": ""MONDO:0005045""}]","[""https://hpo.jax.org/app/browse/term/HP:0000006""]",,,https://cspec.genome.network/cspec/api/SequenceVariantInterpretation/id/GN002,https://cspec.genome.network/cspec/SequenceVariantInterpretation/id/GN002,2026-08-04T09:04:27.942520+00:00,617332e449b5716d8387ea4a67f16da6e8102a481b1000fc0cd4195c84828f36,0.1.0
PTEN,PTEN,,GN003,ClinGen PTEN Expert Panel Specifications to the ACMG/AMP Variant Interpretation Guidelines for PTEN Version 3.2,PTEN Variant Curation Expert Panel,3.2,current_released,2026-04-06T16:10:17.933Z,2026-04-06T16:10:17.933Z,"[{""id"": ""http://purl.obolibrary.org/obo/MONDO_0017623"", ""label"": ""MONDO:0017623""}]","[""https://hpo.jax.org/app/browse/term/HP:0000006""]",,,https://cspec.genome.network/cspec/api/SequenceVariantInterpretation/id/GN003,https://cspec.genome.network/cspec/SequenceVariantInterpretation/id/GN003,2026-08-04T09:04:27.944521+00:00,fdb8d0107ebeb670696681a2e06a6bd63a3407c7ddb9f88b9619f2c7b4c3aca0,0.1.0
CDH23,CDH23,,GN005,"ClinGen Hearing Loss Expert Panel Specifications to the ACMG/AMP Variant Interpretation Guidelines for CDH23, COCH, GJB2,
KCNQ4, MYO6, MYO7A, SLC26A4, TECTA and USH2A Version 2.0",Hearing Loss Variant Curation Expert Panel,2.0,current_released,2022-03-30T05:00:00.000Z,2022-03-30T05:00:00.000Z,"[{""id"": ""http://purl.obolibrary.org/obo/MONDO_0019501"", ""label"": ""MONDO:0019501""}, {""id"": ""http://purl.obolibrary.org/obo/MONDO_0019497"", ""label"": ""MONDO:0019497""}, {""id"": ""http://purl.obolibrary.org/obo/MONDO_0010134"", ""label"": ""MONDO:0010134""}]",[],False,,https://cspec.genome.network/cspec/api/SequenceVariantInterpretation/id/GN005,https://cspec.genome.network/cspec/SequenceVariantInterpretation/id/GN005,2026-08-04T09:04:27.958528+00:00,e3c17460827d9cd792073eb3bd86779625c07c69606bff8df76ad84666a39486,0.1.0
COCH,COCH,,GN005,"ClinGen Hearing Loss Expert Panel Specifications to the ACMG/AMP Variant Interpretation Guidelines for CDH23, COCH, GJB2,
KCNQ4, MYO6, MYO7A, SLC26A4, TECTA and USH2A Version 2.0",Hearing Loss Variant Curation Expert Panel,2.0,current_released,2022-03-30T05:00:00.000Z,2022-03-30T05:00:00.000Z,"[{""id"": ""http://purl.obolibrary.org/obo/MONDO_0019501"", ""label"": ""MONDO:0019501""}, {""id"": ""http://purl.obolibrary.org/obo/MONDO_0019497"", ""label"": ""MONDO:0019497""}, {""id"": ""http://purl.obolibrary.org/obo/MONDO_0010134"", ""label"": ""MONDO:0010134""}]",[],False,,https://cspec.genome.network/cspec/api/SequenceVariantInterpretation/id/GN005,https://cspec.genome.network/cspec/SequenceVariantInterpretation/id/GN005,2026-08-04T09:04:27.958528+00:00,e3c17460827d9cd792073eb3bd86779625c07c69606bff8df76ad84666a39486,0.1.0
GJB2,GJB2,,GN005,"ClinGen Hearing Loss Expert Panel Specifications to the ACMG/AMP Variant Interpretation Guidelines for CDH23, COCH, GJB2,
KCNQ4, MYO6, MYO7A, SLC26A4, TECTA and USH2A Version 2.0",Hearing Loss Variant Curation Expert Panel,2.0,current_released,2022-03-30T05:00:00.000Z,2022-03-30T05:00:00.000Z,"[{""id"": ""http://purl.obolibrary.org/obo/MONDO_0019501"", ""label"": ""MONDO:0019501""}, {""id"": ""http://purl.obolibrary.org/obo/MONDO_0019497"", ""label"": ""MONDO:0019497""}, {""id"": ""http://purl.obolibrary.org/obo/MONDO_0010134"", ""label"": ""MONDO:0010134""}]",[],False,,https://cspec.genome.network/cspec/api/SequenceVariantInterpretation/id/GN005,https://cspec.genome.network/cspec/SequenceVariantInterpretation/id/GN005,2026-08-04T09:04:27.958528+00:00,e3c17460827d9cd792073eb3bd86779625c07c69606bff8df76ad84666a39486,0.1.0
KCNQ4,KCNQ4,,GN005,"ClinGen Hearing Loss Expert Panel Specifications to the ACMG/AMP Variant Interpretation Guidelines for CDH23, COCH, GJB2,
KCNQ4, MYO6, MYO7A, SLC26A4, TECTA and USH2A Version 2.0",Hearing Loss Variant Curation Expert Panel,2.0,current_released,2022-03-30T05:00:00.000Z,2022-03-30T05:00:00.000Z,"[{""id"": ""http://purl.obolibrary.org/obo/MONDO_0019501"", ""label"": ""MONDO:0019501""}, {""id"": ""http://purl.obolibrary.org/obo/MONDO_0019497"", ""label"": ""MONDO:0019497""}, {""id"": ""http://purl.obolibrary.org/obo/MONDO_0010134"", ""label"": ""MONDO:0010134""}]",[],False,,https://cspec.genome.network/cspec/api/SequenceVariantInterpretation/id/GN005,https://cspec.genome.network/cspec/SequenceVariantInterpretation/id/GN005,2026-08-04T09:04:27.958528+00:00,e3c17460827d9cd792073eb3bd86779625c07c69606bff8df76ad84666a39486,0.1.0
MYO6,MYO6,,GN005,"ClinGen Hearing Loss Expert Panel Specifications to the ACMG/AMP Variant Interpretation Guidelines for CDH23, COCH, GJB2,
KCNQ4, MYO6, MYO7A, SLC26A4, TECTA and USH2A Version 2.0",Hearing Loss Variant Curation Expert Panel,2.0,current_released,2022-03-30T05:00:00.000Z,2022-03-30T05:00:00.000Z,"[{""id"": ""http://purl.obolibrary.org/obo/MONDO_0019501"", ""label"": ""MONDO:0019501""}, {""id"": ""http://purl.obolibrary.org/obo/MONDO_0019497"", ""label"": ""MONDO:0019497""}, {""id"": ""http://purl.obolibrary.org/obo/MONDO_0010134"", ""label"": ""MONDO:0010134""}]",[],False,,https://cspec.genome.network/cspec/api/SequenceVariantInterpretation/id/GN005,https://cspec.genome.network/cspec/SequenceVariantInterpretation/id/GN005,2026-08-04T09:04:27.958528+00:00,e3c17460827d9cd792073eb3bd86779625c07c69606bff8df76ad84666a39486,0.1.0
MYO7A,MYO7A,,GN005,"ClinGen Hearing Loss Expert Panel Specifications to the ACMG/AMP Variant Interpretation Guidelines for CDH23, COCH, GJB2,
KCNQ4, MYO6, MYO7A, SLC26A4, TECTA and USH2A Version 2.0",Hearing Loss Variant Curation Expert Panel,2.0,current_released,2022-03-30T05:00:00.000Z,2022-03-30T05:00:00.000Z,"[{""id"": ""http://purl.obolibrary.org/obo/MONDO_0019501"", ""label"": ""MONDO:0019501""}, {""id"": ""http://purl.obolibrary.org/obo/MONDO_0019497"", ""label"": ""MONDO:0019497""}, {""id"": ""http://purl.obolibrary.org/obo/MONDO_0010134"", ""label"": ""MONDO:0010134""}]",[],False,,https://cspec.genome.network/cspec/api/SequenceVariantInterpretation/id/GN005,https://cspec.genome.network/cspec/SequenceVariantInterpretation/id/GN005,2026-08-04T09:04:27.958528+00:00,e3c17460827d9cd792073eb3bd86779625c07c69606bff8df76ad84666a39486,0.1.0
SLC26A4,SLC26A4,,GN005,"ClinGen Hearing Loss Expert Panel Specifications to the ACMG/AMP Variant Interpretation Guidelines for CDH23, COCH, GJB2,
KCNQ4, MYO6, MYO7A, SLC26A4, TECTA and USH2A Version 2.0",Hearing Loss Variant Curation Expert Panel,2.0,current_released,2022-03-30T05:00:00.000Z,2022-03-30T05:00:00.000Z,"[{""id"": ""http://purl.obolibrary.org/obo/MONDO_0019501"", ""label"": ""MONDO:0019501""}, {""id"": ""http://purl.obolibrary.org/obo/MONDO_0019497"", ""label"": ""MONDO:0019497""}, {""id"": ""http://purl.obolibrary.org/obo/MONDO_0010134"", ""label"": ""MONDO:0010134""}]",[],False,,https://cspec.genome.network/cspec/api/SequenceVariantInterpretation/id/GN005,https://cspec.genome.network/cspec/SequenceVariantInterpretation/id/GN005,2026-08-04T09:04:27.958528+00:00,e3c17460827d9cd792073eb3bd86779625c07c69606bff8df76ad84666a39486,0.1.0
TECTA,TECTA,,GN005,"ClinGen Hearing Loss Expert Panel Specifications to the ACMG/AMP Variant Interpretation Guidelines for CDH23, COCH, GJB2,
KCNQ4, MYO6, MYO7A, SLC26A4, TECTA and USH2A Version 2.0",Hearing Loss Variant Curation Expert Panel,2.0,current_released,2022-03-30T05:00:00.000Z,2022-03-30T05:00:00.000Z,"[{""id"": ""http://purl.obolibrary.org/obo/MONDO_0019501"", ""label"": ""MONDO:0019501""}, {""id"": ""http://purl.obolibrary.org/obo/MONDO_0019497"", ""label"": ""MONDO:0019497""}, {""id"": ""http://purl.obolibrary.org/obo/MONDO_0010134"", ""label"": ""MONDO:0010134""}]",[],False,,https://cspec.genome.network/cspec/api/SequenceVariantInterpretation/id/GN005,https://cspec.genome.network/cspec/SequenceVariantInterpretation/id/GN005,2026-08-04T09:04:27.958528+00:00,e3c17460827d9cd792073eb3bd86779625c07c69606bff8df76ad84666a39486,0.1.0
USH2A,USH2A,,GN005,"ClinGen Hearing Loss Expert Panel Specifications to the ACMG/AMP Variant Interpretation Guidelines for CDH23, COCH, GJB2,
KCNQ4, MYO6, MYO7A, SLC26A4, TECTA and USH2A Version 2.0",Hearing Loss Variant Curation Expert Panel,2.0,current_released,2022-03-30T05:00:00.000Z,2022-03-30T05:00:00.000Z,"[{""id"": ""http://purl.obolibrary.org/obo/MONDO_0019501"", ""label"": ""MONDO:0019501""}, {""id"": ""http://purl.obolibrary.org/obo/MONDO_0019497"", ""label"": ""MONDO:0019497""}, {""id"": ""http://purl.obolibrary.org/obo/MONDO_0010134"", ""label"": ""MONDO:0010134""}]",[],False,,https://cspec.genome.network/cspec/api/SequenceVariantInterpretation/id/GN005,https://cspec.genome.network/cspec/SequenceVariantInterpretation/id/GN005,2026-08-04T09:04:27.958528+00:00,e3c17460827d9cd792073eb3bd86779625c07c69606bff8df76ad84666a39486,0.1.0
PAH,PAH,,GN006,ClinGen Phenylketonuria Expert Panel Specifications to the ACMG/AMP Variant Interpretation Guidelines for PAH Version 2.0,Phenylketonuria Variant Curation Expert Panel,2.0,current_released,2024-07-16T15:03:44.780Z,2024-07-16T15:03:44.780Z,"[{""id"": ""http://purl.obolibrary.org/obo/MONDO_0009861"", ""label"": ""MONDO:0009861""}]",[],,,https://cspec.genome.network/cspec/api/SequenceVariantInterpretation/id/GN006,https://cspec.genome.network/cspec/SequenceVariantInterpretation/id/GN006,2026-08-04T09:04:27.964917+00:00,4cf5edf2e2bcb2622ad0f01b86168eb0d707ea807244ac1624337974f8217116,0.1.0
CDH1,CDH1,,GN007,ClinGen CDH1 Expert Panel Specifications to the ACMG/AMP Variant Interpretation Guidelines Version 3.1,Gastric Cancer Variant Curation Expert Panel,3.1,current_released,2022-03-29T00:00:00.000Z,2022-03-29T00:00:00.000Z,"[{""id"": ""http://purl.obolibrary.org/obo/MONDO_0007648"", ""label"": ""MONDO:0007648""}]",[],,,https://cspec.genome.network/cspec/api/SequenceVariantInterpretation/id/GN007,https://cspec.genome.network/cspec/SequenceVariantInterpretation/id/GN007,2026-08-04T09:04:27.966923+00:00,b4bacb8a4f6a2240bcbfaaed48bd4aa575a0551583f934c8fda29f9cac38b29a,0.1.0
RUNX1,RUNX1,,GN008,ClinGen Myeloid Malignancy Expert Panel Specifications to the ACMG/AMP Variant Interpretation Guidelines for RUNX1 Version 3.1,Myeloid Malignancy Variant Curation Expert Panel,3.1,current_released,2026-02-13T22:45:40.259Z,2026-02-13T22:45:40.259Z,"[{""id"": ""http://purl.obolibrary.org/obo/MONDO_0011071"", ""label"": ""MONDO:0011071""}]","[""https://hpo.jax.org/app/browse/term/HP:0000006""]",,,https://cspec.genome.network/cspec/api/SequenceVariantInterpretation/id/GN008,https://cspec.genome.network/cspec/SequenceVariantInterpretation/id/GN008,2026-08-04T09:04:27.967924+00:00,8d7356fdf4dec2118c1206baabb53c7b83b8d81095c86b9c8c5b50e6b68a4652,0.1.0
TP53,TP53,,GN009,ClinGen TP53 Expert Panel Specifications to the ACMG/AMP Variant Interpretation Guidelines for TP53 Version 2.4,TP53 Variant Curation Expert Panel,2.4,current_released,2025-11-20T20:05:07.488Z,2025-11-20T20:05:07.488Z,"[{""id"": ""http://purl.obolibrary.org/obo/MONDO_0018875"", ""label"": ""MONDO:0018875""}]","[""https://hpo.jax.org/app/browse/term/HP:0000006""]",,,https://cspec.genome.network/cspec/api/SequenceVariantInterpretation/id/GN009,https://cspec.genome.network/cspec/SequenceVariantInterpretation/id/GN009,2026-08-04T09:04:27.969923+00:00,a4241ab2b4861dddf07d95509fa13a1273ee6357fff93468d6e64d180fd722bc,0.1.0
GAA,GAA,,GN010,ClinGen Lysosomal Storage Disorders Variant Curation Expert Panel Specifications to the ACMG/AMP Variant Interpretation Guidelines Version 2.0,Lysosomal Diseases Variant Curation Expert Panel,2.0,current_released,2021-06-02T05:00:00.000Z,2021-06-02T05:00:00.000Z,"[{""id"": ""http://purl.obolibrary.org/obo/MONDO_0009290"", ""label"": ""MONDO:0009290""}]",[],,,https://cspec.genome.network/cspec/api/SequenceVariantInterpretation/id/GN010,https://cspec.genome.network/cspec/SequenceVariantInterpretation/id/GN010,2026-08-04T09:04:27.971428+00:00,4ff8d5e7b583c1cd44aa924fa0705200dc53f65db438438fe3f2fa206ccd5d94,0.1.0
ITGA2B,ITGA2B,,GN011,ClinGen Platelet Disorders Expert Panel Specifications to the ACMG/AMP Variant Interpretation Guidelines Version 2.1,Platelet Disorders Variant Curation Expert Panel,2.1,current_released,2021-11-01T05:00:00.000Z,2021-11-01T05:00:00.000Z,"[{""id"": ""http://purl.obolibrary.org/obo/MONDO_0100326"", ""label"": ""MONDO:0100326""}]",[],,,https://cspec.genome.network/cspec/api/SequenceVariantInterpretation/id/GN011,https://cspec.genome.network/cspec/SequenceVariantInterpretation/id/GN011,2026-08-04T09:04:27.974434+00:00,6ae8b9cb493b2fe0c36ac5a7a45dbf7d51b93d0cb96326cdf41ba9045f40e8b2,0.1.0
ITGB3,ITGB3,,GN011,ClinGen Platelet Disorders Expert Panel Specifications to the ACMG/AMP Variant Interpretation Guidelines Version 2.1,Platelet Disorders Variant Curation Expert Panel,2.1,current_released,2021-11-01T05:00:00.000Z,2021-11-01T05:00:00.000Z,"[{""id"": ""http://purl.obolibrary.org/obo/MONDO_0100326"", ""label"": ""MONDO:0100326""}]",[],,,https://cspec.genome.network/cspec/api/SequenceVariantInterpretation/id/GN011,https://cspec.genome.network/cspec/SequenceVariantInterpretation/id/GN011,2026-08-04T09:04:27.974434+00:00,6ae8b9cb493b2fe0c36ac5a7a45dbf7d51b93d0cb96326cdf41ba9045f40e8b2,0.1.0
RYR1,RYR1,,GN012,ClinGen Malignant Hyperthermia Susceptibility Expert Panel Specifications to the ACMG/AMP Variant Interpretation Guidelines for RYR1 Version 2.0,Malignant Hyperthermia Susceptibility Variant Curation Expert Panel,2.0,current_released,2022-03-01T06:00:00.000Z,2022-03-01T06:00:00.000Z,"[{""id"": ""http://purl.obolibrary.org/obo/MONDO_0018493"", ""label"": ""MONDO:0018493""}]",[],,,https://cspec.genome.network/cspec/api/SequenceVariantInterpretation/id/GN012,https://cspec.genome.network/cspec/SequenceVariantInterpretation/id/GN012,2026-08-04T09:04:27.976432+00:00,bd409fdd7762808625fcf485de7369e32fc6dc617537638504994dee59da1f38,0.1.0
LDLR,LDLR,,GN013,ClinGen Familial Hypercholesterolemia Expert Panel Specifications to the ACMG/AMP Variant Classification Guidelines Version 1.2,Familial Hypercholesterolemia Variant Curation Expert Panel,1.2,current_released,2021-11-09T06:00:00.000Z,2021-11-09T06:00:00.000Z,"[{""id"": ""http://purl.obolibrary.org/obo/MONDO_0007750"", ""label"": ""MONDO:0007750""}]",[],,,https://cspec.genome.network/cspec/api/SequenceVariantInterpretation/id/GN013,https://cspec.genome.network/cspec/SequenceVariantInterpretation/id/GN013,2026-08-04T09:04:27.978433+00:00,bbe6ba2b4575e67c24aa3b48a413cd856c5f560e85b9876195ce18870f567e87,0.1.0
SLC19A3,SLC19A3,,GN014,ClinGen Mitochondrial Disease Nuclear and Mitochondrial Expert Panel Specifications to the ACMG/AMP Variant Interpretation Guidelines Version 1.0,Mitochondrial Diseases Variant Curation Expert Panel,1.0,current_released,2020-04-30T05:00:00.000Z,2020-04-30T05:00:00.000Z,"[{""id"": ""http://purl.obolibrary.org/obo/MONDO_0011841"", ""label"": ""MONDO:0011841""}, {""id"": ""http://purl.obolibrary.org/obo/MONDO_0019169"", ""label"": ""MONDO:0019169""}, {""id"": ""http://purl.obolibrary.org/obo/MONDO_0044970"", ""label"": ""MONDO:0044970""}, {""id"": ""http://purl.obolibrary.org/obo/MONDO_0011229"", ""label"": ""MONDO:0011229""}]",[],False,,https://cspec.genome.network/cspec/api/SequenceVariantInterpretation/id/GN014,https://cspec.genome.network/cspec/SequenceVariantInterpretation/id/GN014,2026-08-04T09:04:27.980432+00:00,ad07474e5cb21ee470dfd83145b45e264c7fd4ae5c3883a57415ef3a7bb9c5ec,0.1.0
PDHA1,PDHA1,,GN014,ClinGen Mitochondrial Disease Nuclear and Mitochondrial Expert Panel Specifications to the ACMG/AMP Variant Interpretation Guidelines Version 1.0,Mitochondrial Diseases Variant Curation Expert Panel,1.0,current_released,2020-04-30T05:00:00.000Z,2020-04-30T05:00:00.000Z,"[{""id"": ""http://purl.obolibrary.org/obo/MONDO_0011841"", ""label"": ""MONDO:0011841""}, {""id"": ""http://purl.obolibrary.org/obo/MONDO_0019169"", ""label"": ""MONDO:0019169""}, {""id"": ""http://purl.obolibrary.org/obo/MONDO_0044970"", ""label"": ""MONDO:0044970""}, {""id"": ""http://purl.obolibrary.org/obo/MONDO_0011229"", ""label"": ""MONDO:0011229""}]",[],False,,https://cspec.genome.network/cspec/api/SequenceVariantInterpretation/id/GN014,https://cspec.genome.network/cspec/SequenceVariantInterpretation/id/GN014,2026-08-04T09:04:27.980432+00:00,ad07474e5cb21ee470dfd83145b45e264c7fd4ae5c3883a57415ef3a7bb9c5ec,0.1.0
POLG,POLG,,GN014,ClinGen Mitochondrial Disease Nuclear and Mitochondrial Expert Panel Specifications to the ACMG/AMP Variant Interpretation Guidelines Version 1.0,Mitochondrial Diseases Variant Curation Expert Panel,1.0,current_released,2020-04-30T05:00:00.000Z,2020-04-30T05:00:00.000Z,"[{""id"": ""http://purl.obolibrary.org/obo/MONDO_0011841"", ""label"": ""MONDO:0011841""}, {""id"": ""http://purl.obolibrary.org/obo/MONDO_0019169"", ""label"": ""MONDO:0019169""}, {""id"": ""http://purl.obolibrary.org/obo/MONDO_0044970"", ""label"": ""MONDO:0044970""}, {""id"": ""http://purl.obolibrary.org/obo/MONDO_0011229"", ""label"": ""MONDO:0011229""}]",[],False,,https://cspec.genome.network/cspec/api/SequenceVariantInterpretation/id/GN014,https://cspec.genome.network/cspec/SequenceVariantInterpretation/id/GN014,2026-08-04T09:04:27.980432+00:00,ad07474e5cb21ee470dfd83145b45e264c7fd4ae5c3883a57415ef3a7bb9c5ec,0.1.0
ETHE1,ETHE1,,GN014,ClinGen Mitochondrial Disease Nuclear and Mitochondrial Expert Panel Specifications to the ACMG/AMP Variant Interpretation Guidelines Version 1.0,Mitochondrial Diseases Variant Curation Expert Panel,1.0,current_released,2020-04-30T05:00:00.000Z,2020-04-30T05:00:00.000Z,"[{""id"": ""http://purl.obolibrary.org/obo/MONDO_0011841"", ""label"": ""MONDO:0011841""}, {""id"": ""http://purl.obolibrary.org/obo/MONDO_0019169"", ""label"": ""MONDO:0019169""}, {""id"": ""http://purl.obolibrary.org/obo/MONDO_0044970"", ""label"": ""MONDO:0044970""}, {""id"": ""http://purl.obolibrary.org/obo/MONDO_0011229"", ""label"": ""MONDO:0011229""}]",[],False,,https://cspec.genome.network/cspec/api/SequenceVariantInterpretation/id/GN014,https://cspec.genome.network/cspec/SequenceVariantInterpretation/id/GN014,2026-08-04T09:04:27.980432+00:00,ad07474e5cb21ee470dfd83145b45e264c7fd4ae5c3883a57415ef3a7bb9c5ec,0.1.0
HNF1A,HNF1A,,GN017,ClinGen Monogenic Diabetes Expert Panel Specifications to the ACMG/AMP Variant Interpretation Guidelines for HNF1A Version 3.1,Monogenic Diabetes Variant Curation Expert Panel,3.1,current_released,2025-10-10T18:20:25.421Z,2025-10-10T18:20:25.421Z,"[{""id"": ""http://purl.obolibrary.org/obo/MONDO_0015967"", ""label"": ""MONDO:0015967""}]",[],,,https://cspec.genome.network/cspec/api/SequenceVariantInterpretation/id/GN017,https://cspec.genome.network/cspec/SequenceVariantInterpretation/id/GN017,2026-08-04T09:04:28.052236+00:00,a91c99d3de22bd6719e2c57bf3af0646f32ccf07bcdc3da813b4a5488cff2a36,0.1.0
AKT3,AKT3,,GN018,ClinGen Brain Malformations Expert Panel Specifications to the ACMG/AMP Variant Interpretation Guidelines Version 1.1,Brain Malformations Variant Curation Expert Panel,1.1,current_released,2021-05-15T00:00:00.000Z,2022-08-19T00:00:00.000Z,"[{""id"": ""http://purl.obolibrary.org/obo/MONDO_0016054"", ""label"": ""MONDO:0016054""}]",[],False,,https://cspec.genome.network/cspec/api/SequenceVariantInterpretation/id/GN018,https://cspec.genome.network/cspec/SequenceVariantInterpretation/id/GN018,2026-08-04T09:04:28.054236+00:00,715793c9ecd65dff4b936b7601775c74c58092d0ac8b10aa76021fd113849b15,0.1.0
MTOR,MTOR,,GN018,ClinGen Brain Malformations Expert Panel Specifications to the ACMG/AMP Variant Interpretation Guidelines Version 1.1,Brain Malformations Variant Curation Expert Panel,1.1,current_released,2021-05-15T00:00:00.000Z,2022-08-19T00:00:00.000Z,"[{""id"": ""http://purl.obolibrary.org/obo/MONDO_0016054"", ""label"": ""MONDO:0016054""}]",[],False,,https://cspec.genome.network/cspec/api/SequenceVariantInterpretation/id/GN018,https://cspec.genome.network/cspec/SequenceVariantInterpretation/id/GN018,2026-08-04T09:04:28.054236+00:00,715793c9ecd65dff4b936b7601775c74c58092d0ac8b10aa76021fd113849b15,0.1.0
PIK3CA,PIK3CA,,GN018,ClinGen Brain Malformations Expert Panel Specifications to the ACMG/AMP Variant Interpretation Guidelines Version 1.1,Brain Malformations Variant Curation Expert Panel,1.1,current_released,2021-05-15T00:00:00.000Z,2022-08-19T00:00:00.000Z,"[{""id"": ""http://purl.obolibrary.org/obo/MONDO_0016054"", ""label"": ""MONDO:0016054""}]",[],False,,https://cspec.genome.network/cspec/api/SequenceVariantInterpretation/id/GN018,https://cspec.genome.network/cspec/SequenceVariantInterpretation/id/GN018,2026-08-04T09:04:28.054236+00:00,715793c9ecd65dff4b936b7601775c74c58092d0ac8b10aa76021fd113849b15,0.1.0
PIK3R2,PIK3R2,,GN018,ClinGen Brain Malformations Expert Panel Specifications to the ACMG/AMP Variant Interpretation Guidelines Version 1.1,Brain Malformations Variant Curation Expert Panel,1.1,current_released,2021-05-15T00:00:00.000Z,2022-08-19T00:00:00.000Z,"[{""id"": ""http://purl.obolibrary.org/obo/MONDO_0016054"", ""label"": ""MONDO:0016054""}]",[],False,,https://cspec.genome.network/cspec/api/SequenceVariantInterpretation/id/GN018,https://cspec.genome.network/cspec/SequenceVariantInterpretation/id/GN018,2026-08-04T09:04:28.054236+00:00,715793c9ecd65dff4b936b7601775c74c58092d0ac8b10aa76021fd113849b15,0.1.0
MYOC,MYOC,,GN019,ClinGen Glaucoma Expert Panel Specifications to the ACMG/AMP Variant Interpretation Guidelines for MYOC Version 2.1,Glaucoma Variant Curation Expert Panel,2.1,current_released,2025-11-06T00:01:17.929Z,2025-11-06T00:01:17.929Z,"[{""id"": ""http://purl.obolibrary.org/obo/MONDO_0005338"", ""label"": ""MONDO:0005338""}]","[""https://hpo.jax.org/app/browse/term/HP:0000006""]",,,https://cspec.genome.network/cspec/api/SequenceVariantInterpretation/id/GN019,https://cspec.genome.network/cspec/SequenceVariantInterpretation/id/GN019,2026-08-04T09:04:28.058238+00:00,12e6f6eeda78376feccd45bab0715535a5ae38c173108d2c75f2767550f554c8,0.1.0
ACADVL,ACADVL,,GN021,ClinGen ACADVL Expert Panel Specifications to the ACMG/AMP Variant Interpretation Guidelines for ACADVL Version 2.2,ACADVL Variant Curation Expert Panel,2.2,current_released,2026-07-20T14:32:36.232Z,2026-07-20T14:32:36.232Z,"[{""id"": ""http://purl.obolibrary.org/obo/MONDO_0008723"", ""label"": ""MONDO:0008723""}]","[""https://hpo.jax.org/app/browse/term/HP:0000007""]",,,https://cspec.genome.network/cspec/api/SequenceVariantInterpretation/id/GN021,https://cspec.genome.network/cspec/SequenceVariantInterpretation/id/GN021,2026-08-04T09:04:28.062241+00:00,8b6560fc0c822166196fb57b9ae35d883243f150b460fe4c9725c040b8ebe92a,0.1.0
FBN1,FBN1,,GN022,ClinGen FBN1 Expert Panel Specifications to the ACMG/AMP Variant Interpretation Guidelines Version 1.0,FBN1 Variant Curation Expert Panel,1.0,current_released,2022-01-05T06:00:00.000Z,2022-01-05T06:00:00.000Z,"[{""id"": ""http://purl.obolibrary.org/obo/MONDO_0007947"", ""label"": ""MONDO:0007947""}]",[],,,https://cspec.genome.network/cspec/api/SequenceVariantInterpretation/id/GN022,https://cspec.genome.network/cspec/SequenceVariantInterpretation/id/GN022,2026-08-04T09:04:28.064242+00:00,8d175c8f40aee7cd9bf7090a1a59dc0014e83a8f14fcfd5dfd7d122ca18e9d9c,0.1.0
MYO15A,MYO15A,,GN023,ClinGen Hearing Loss Expert Panel Specifications to the ACMG/AMP Variant Interpretation Guidelines for OTOF and MYO15A Version 1.0,Hearing Loss Variant Curation Expert Panel,1.0,current_released,2022-03-30T05:00:00.000Z,2022-03-30T05:00:00.000Z,"[{""id"": ""http://purl.obolibrary.org/obo/MONDO_0019497"", ""label"": ""MONDO:0019497""}]",[],False,,https://cspec.genome.network/cspec/api/SequenceVariantInterpretation/id/GN023,https://cspec.genome.network/cspec/SequenceVariantInterpretation/id/GN023,2026-08-04T09:04:28.066241+00:00,ff87aa353f1bb05be350ee8111a910080cbd3ba5d28b7d8611269c8c432e6da6,0.1.0
OTOF,OTOF,,GN023,ClinGen Hearing Loss Expert Panel Specifications to the ACMG/AMP Variant Interpretation Guidelines for OTOF and MYO15A Version 1.0,Hearing Loss Variant Curation Expert Panel,1.0,current_released,2022-03-30T05:00:00.000Z,2022-03-30T05:00:00.000Z,"[{""id"": ""http://purl.obolibrary.org/obo/MONDO_0019497"", ""label"": ""MONDO:0019497""}]",[],False,,https://cspec.genome.network/cspec/api/SequenceVariantInterpretation/id/GN023,https://cspec.genome.network/cspec/SequenceVariantInterpretation/id/GN023,2026-08-04T09:04:28.066241+00:00,ff87aa353f1bb05be350ee8111a910080cbd3ba5d28b7d8611269c8c432e6da6,0.1.0
DICER1,DICER1,,GN024,ClinGen DICER1 and miRNA-Processing Gene Expert Panel Specifications to the ACMG/AMP Variant Interpretation Guidelines for DICER1 Version 1.4,DICER1 and miRNA-Processing Gene Variant Curation Expert Panel,1.4,current_released,2025-07-08T17:29:48.449Z,2025-07-08T17:29:48.449Z,"[{""id"": ""http://purl.obolibrary.org/obo/MONDO_0100216"", ""label"": ""MONDO:0100216""}]","[""https://hpo.jax.org/app/browse/term/HP:0000006""]",,,https://cspec.genome.network/cspec/api/SequenceVariantInterpretation/id/GN024,https://cspec.genome.network/cspec/SequenceVariantInterpretation/id/GN024,2026-08-04T09:04:28.070278+00:00,604cc06e2e78ab1a92d60443bee765b92b741e222c9bec27bf7eb93a0778b34e,0.1.0
GATM,GATM,,GN025,ClinGen Cerebral Creatine Deficiency Syndromes Expert Panel Specifications to the ACMG/AMP Variant Interpretation Guidelines for GATM Version 2.0,Cerebral Creatine Deficiency Syndromes Variant Curation Expert Panel,2.0,current_released,2024-12-03T14:46:43.532Z,2024-12-03T14:46:43.532Z,"[{""id"": ""http://purl.obolibrary.org/obo/MONDO_0012996"", ""label"": ""MONDO:0012996""}]","[""https://hpo.jax.org/app/browse/term/HP:0000007""]",,,https://cspec.genome.network/cspec/api/SequenceVariantInterpretation/id/GN025,https://cspec.genome.network/cspec/SequenceVariantInterpretation/id/GN025,2026-08-04T09:04:28.071787+00:00,8db42302d6290e4f05ec125d6d98c3df7489a183caaea29eafbf5054540aa927,0.1.0
GAMT,GAMT,,GN026,ClinGen Cerebral Creatine Deficiency Syndromes Expert Panel Specifications to the ACMG/AMP Variant Interpretation Guidelines for GAMT Version 2.0,Cerebral Creatine Deficiency Syndromes Variant Curation Expert Panel,2.0,current_released,2024-05-23T13:46:41.768Z,2024-05-23T13:46:41.768Z,"[{""id"": ""http://purl.obolibrary.org/obo/MONDO_0012999"", ""label"": ""MONDO:0012999""}]",[],,,https://cspec.genome.network/cspec/api/SequenceVariantInterpretation/id/GN026,https://cspec.genome.network/cspec/SequenceVariantInterpretation/id/GN026,2026-08-04T09:04:28.073789+00:00,6812fc07d6449873aefc7a650dd2300031fc93483c72412d3123895890c01c5d,0.1.0
SLC6A8,SLC6A8,,GN027,ClinGen Cerebral Creatine Deficiency Syndromes Expert Panel Specifications to the ACMG/AMP Variant Interpretation Guidelines for SLC6A8 Version 2.1,Cerebral Creatine Deficiency Syndromes Variant Curation Expert Panel,2.1,current_released,2026-07-06T12:41:05.868Z,2026-07-06T12:41:05.868Z,"[{""id"": ""http://purl.obolibrary.org/obo/MONDO_0010305"", ""label"": ""MONDO:0010305""}]",[],,,https://cspec.genome.network/cspec/api/SequenceVariantInterpretation/id/GN027,https://cspec.genome.network/cspec/SequenceVariantInterpretation/id/GN027,2026-08-04T09:04:28.075971+00:00,d7f15bee1ec2e13e32fed00ab3bb0306f148ed415a3925eb87d24687effd69b7,0.1.0
SCN1A,SCN1A,,GN067,ClinGen Epilepsy Sodium Channel Expert Panel Specifications to the ACMG/AMP Variant Interpretation Guidelines for SCN1A Version 2.0,Epilepsy Sodium Channel Variant Curation Expert Panel,2.0,current_released,2025-01-07T15:43:33.009Z,2025-01-07T15:43:33.009Z,"[{""id"": ""http://purl.obolibrary.org/obo/MONDO_0100135"", ""label"": ""MONDO:0100135""}, {""id"": ""http://purl.obolibrary.org/obo/MONDO_0018214"", ""label"": ""MONDO:0018214""}, {""id"": ""http://purl.obolibrary.org/obo/MONDO_0100062"", ""label"": ""MONDO:0100062""}]","[""https://hpo.jax.org/app/browse/term/HP:0000006""]",,,https://cspec.genome.network/cspec/api/SequenceVariantInterpretation/id/GN067,https://cspec.genome.network/cspec/SequenceVariantInterpretation/id/GN067,2026-08-04T09:04:28.130685+00:00,ea952e8377a036e4f7f90cb4ccf704c67950906bd14a99208d80096ff916895b,0.1.0
SCN2A,SCN2A,,GN068,ClinGen Epilepsy Sodium Channel Expert Panel Specifications to the ACMG/AMP Variant Interpretation Guidelines for SCN2A Version 2.0,Epilepsy Sodium Channel Variant Curation Expert Panel,2.0,current_released,2025-01-07T15:44:54.067Z,2025-01-07T15:44:54.067Z,"[{""id"": ""http://purl.obolibrary.org/obo/MONDO_0100038"", ""label"": ""MONDO:0100038""}]","[""https://hpo.jax.org/app/browse/term/HP:0000006""]",,,https://cspec.genome.network/cspec/api/SequenceVariantInterpretation/id/GN068,https://cspec.genome.network/cspec/SequenceVariantInterpretation/id/GN068,2026-08-04T09:04:28.132684+00:00,b37c540080127c480e289cb810b82fe946eed1d770aceac1898fd62cfc96a055,0.1.0
SCN3A,SCN3A,,GN069,ClinGen Epilepsy Sodium Channel Expert Panel Specifications to the ACMG/AMP Variant Interpretation Guidelines for SCN3A Version 2.1,Epilepsy Sodium Channel Variant Curation Expert Panel,2.1,current_released,2025-04-28T13:24:10.476Z,2025-04-28T13:24:10.476Z,"[{""id"": ""http://purl.obolibrary.org/obo/MONDO_0100062"", ""label"": ""MONDO:0100062""}]","[""https://hpo.jax.org/app/browse/term/HP:0000006""]",,,https://cspec.genome.network/cspec/api/SequenceVariantInterpretation/id/GN069,https://cspec.genome.network/cspec/SequenceVariantInterpretation/id/GN069,2026-08-04T09:04:28.134685+00:00,8900bb28bb23b7c24f53964c8eec501dfbabfd44eec0a17c3d006fc71314442d,0.1.0
SCN8A,SCN8A,,GN070,ClinGen Epilepsy Sodium Channel Expert Panel Specifications to the ACMG/AMP Variant Interpretation Guidelines for SCN8A Version 2.0,Epilepsy Sodium Channel Variant Curation Expert Panel,2.0,current_released,2025-01-07T15:49:01.714Z,2025-01-07T15:49:01.714Z,"[{""id"": ""http://purl.obolibrary.org/obo/MONDO_0100038"", ""label"": ""MONDO:0100038""}]","[""https://hpo.jax.org/app/browse/term/HP:0000006""]",,,https://cspec.genome.network/cspec/api/SequenceVariantInterpretation/id/GN070,https://cspec.genome.network/cspec/SequenceVariantInterpretation/id/GN070,2026-08-04T09:04:28.135688+00:00,85539192880319aba98fc6a7c2fe0a5a4ee6133387f349611a16c16e408c14fe,0.1.0
F8,F8,,GN071,ClinGen Coagulation Factor Deficiency Expert Panel Specifications to the ACMG/AMP Variant Interpretation Guidelines for F8 Version 2.0,Coagulation Factor Deficiency Variant Curation Expert Panel,2.0,current_released,2026-01-20T17:00:57.493Z,2026-01-20T17:00:57.493Z,"[{""id"": ""http://purl.obolibrary.org/obo/MONDO_0010602"", ""label"": ""MONDO:0010602""}]",[],,,https://cspec.genome.network/cspec/api/SequenceVariantInterpretation/id/GN071,https://cspec.genome.network/cspec/SequenceVariantInterpretation/id/GN071,2026-08-04T09:04:28.137685+00:00,1c1533d65ced9352f2fba4c306fe98698bffef0644f251080f32d58c08ac5ead,0.1.0
SCN1B,SCN1B,,GN076,ClinGen Epilepsy Sodium Channel Expert Panel Specifications to the ACMG/AMP Variant Interpretation Guidelines for SCN1B Version 2.0,Epilepsy Sodium Channel Variant Curation Expert Panel,2.0,current_released,2025-01-07T15:50:02.947Z,2025-01-07T15:50:02.947Z,"[{""id"": ""http://purl.obolibrary.org/obo/MONDO_0018214"", ""label"": ""MONDO:0018214""}, {""id"": ""http://purl.obolibrary.org/obo/MONDO_0100062"", ""label"": ""MONDO:0100062""}]","[""https://hpo.jax.org/app/browse/term/HP:0000006"", ""https://hpo.jax.org/app/browse/term/HP:0000007""]",,,https://cspec.genome.network/cspec/api/SequenceVariantInterpretation/id/GN076,https://cspec.genome.network/cspec/SequenceVariantInterpretation/id/GN076,2026-08-04T09:04:28.143235+00:00,12b3248bba0dd393f664b9c3a3f438a4d71145522e3957ae6b469a6cbcffeb2c,0.1.0
VHL,VHL,,GN078,ClinGen VHL Expert Panel Specifications to the ACMG/AMP Variant Interpretation Guidelines for VHL Version 1.1,VHL Variant Curation Expert Panel,1.1,current_released,2025-01-10T22:36:48.784Z,2025-01-10T22:36:48.784Z,"[{""id"": ""http://purl.obolibrary.org/obo/MONDO_0008667"", ""label"": ""MONDO:0008667""}]","[""https://hpo.jax.org/app/browse/term/HP:0000006""]",,,https://cspec.genome.network/cspec/api/SequenceVariantInterpretation/id/GN078,https://cspec.genome.network/cspec/SequenceVariantInterpretation/id/GN078,2026-08-04T09:04:28.147236+00:00,0ae0c24d2f3087d52f3a842719af29f8938ebe40c8af2a1f271a5b1d6d8b3f53,0.1.0
GP1BA,GP1BA,,GN079,ClinGen Platelet Disorders Expert Panel Specifications to the ACMG/AMP Variant Interpretation Guidelines for GP1BA Version 1.1,Platelet Disorders Variant Curation Expert Panel,1.1,current_released,2025-09-29T16:58:32.985Z,2025-09-29T16:58:32.985Z,"[{""id"": ""http://purl.obolibrary.org/obo/MONDO_0009276"", ""label"": ""MONDO:0009276""}]","[""https://hpo.jax.org/app/browse/term/HP:0000007""]",,,https://cspec.genome.network/cspec/api/SequenceVariantInterpretation/id/GN079,https://cspec.genome.network/cspec/SequenceVariantInterpretation/id/GN079,2026-08-04T09:04:28.149235+00:00,f4175335f642cf0fce760aa52cee67fc7ead164b5b71a00c132334a1f145e11c,0.1.0
F9,F9,,GN080,ClinGen Coagulation Factor Deficiency Expert Panel Specifications to the ACMG/AMP Variant Interpretation Guidelines for F9 Version 2.1,Coagulation Factor Deficiency Variant Curation Expert Panel,2.1,current_released,2026-04-16T14:44:12.545Z,2026-04-16T14:44:12.545Z,"[{""id"": ""http://purl.obolibrary.org/obo/MONDO_0010604"", ""label"": ""MONDO:0010604""}]",[],,,https://cspec.genome.network/cspec/api/SequenceVariantInterpretation/id/GN080,https://cspec.genome.network/cspec/SequenceVariantInterpretation/id/GN080,2026-08-04T09:04:28.151235+00:00,e325d1118db9b8fdfbf2111583a26ffb17fc85f5df07ddbc819370a51123a1b2,0.1.0
VWF,VWF,,GN081,ClinGen von Willebrand Disease  Expert Panel Specifications to the ACMG/AMP Variant Interpretation Guidelines for VWF Version 1.0,von Willebrand Disease  Variant Curation Expert Panel,1.0,current_released,2024-07-09T13:42:11.153Z,2024-07-09T13:42:11.153Z,"[{""id"": ""http://purl.obolibrary.org/obo/MONDO_0015628"", ""label"": ""MONDO:0015628""}, {""id"": ""http://purl.obolibrary.org/obo/MONDO_0015629"", ""label"": ""MONDO:0015629""}, {""id"": ""http://purl.obolibrary.org/obo/MONDO_0015630"", ""label"": ""MONDO:0015630""}, {""id"": ""http://purl.obolibrary.org/obo/MONDO_0013304"", ""label"": ""MONDO:0013304""}, {""id"": ""http://purl.obolibrary.org/obo/MONDO_0024574"", ""label"": ""MONDO:0024574""}]","[""https://hpo.jax.org/app/browse/term/HP:0000006"", ""https://hpo.jax.org/app/browse/term/HP:0000005""]",,,https://cspec.genome.network/cspec/api/SequenceVariantInterpretation/id/GN081,https://cspec.genome.network/cspec/SequenceVariantInterpretation/id/GN081,2026-08-04T09:04:28.153234+00:00,ed5504efcac13c8b1dd7aaafe11c9df45afc0be5e8db10a86ada52c0a87b2882,0.1.0
GP1BB,GP1BB,,GN082,ClinGen Platelet Disorders Expert Panel Specifications to the ACMG/AMP Variant Interpretation Guidelines for GP1BB Version 1.1,Platelet Disorders Variant Curation Expert Panel,1.1,current_released,2025-09-29T16:59:02.440Z,2025-09-29T16:59:02.440Z,"[{""id"": ""http://purl.obolibrary.org/obo/MONDO_0009276"", ""label"": ""MONDO:0009276""}]","[""https://hpo.jax.org/app/browse/term/HP:0000007""]",,,https://cspec.genome.network/cspec/api/SequenceVariantInterpretation/id/GN082,https://cspec.genome.network/cspec/SequenceVariantInterpretation/id/GN082,2026-08-04T09:04:28.156238+00:00,63e332a9c23a4dafdead561fcf3511cac7c27b2c2e4be66a0ac1862d4de24789,0.1.0
GP9,GP9,,GN083,ClinGen Platelet Disorders Expert Panel Specifications to the ACMG/AMP Variant Interpretation Guidelines for GP9 Version 1.1,Platelet Disorders Variant Curation Expert Panel,1.1,current_released,2025-09-29T16:59:32.638Z,2025-09-29T16:59:32.638Z,"[{""id"": ""http://purl.obolibrary.org/obo/MONDO_0009276"", ""label"": ""MONDO:0009276""}]","[""https://hpo.jax.org/app/browse/term/HP:0000007""]",,,https://cspec.genome.network/cspec/api/SequenceVariantInterpretation/id/GN083,https://cspec.genome.network/cspec/SequenceVariantInterpretation/id/GN083,2026-08-04T09:04:28.157258+00:00,8f2e8df85b374297529f5761d2596a2bb9786a45e8bff39cae385b0c085fd972,0.1.0
SERPINC1,SERPINC1,,GN084,ClinGen Thrombosis Expert Panel Specifications to the ACMG/AMP Variant Interpretation Guidelines for SERPINC1 Version 1.1,Thrombosis Variant Curation Expert Panel,1.1,current_released,2025-02-07T20:15:32.135Z,2025-02-07T20:15:32.135Z,"[{""id"": ""http://purl.obolibrary.org/obo/MONDO_0013144"", ""label"": ""MONDO:0013144""}]","[""https://hpo.jax.org/app/browse/term/HP:0000006""]",,,https://cspec.genome.network/cspec/api/SequenceVariantInterpretation/id/GN084,https://cspec.genome.network/cspec/SequenceVariantInterpretation/id/GN084,2026-08-04T09:04:28.159256+00:00,936ca1834e4fd3bd6eeed4f65dd7dda8249f37a6bbadd41f72a41757850b13f2,0.1.0
HNF4A,HNF4A,,GN085,ClinGen Monogenic Diabetes Expert Panel Specifications to the ACMG/AMP Variant Interpretation Guidelines for HNF4A Version 4.0,Monogenic Diabetes Variant Curation Expert Panel,4.0,current_released,2025-10-10T18:20:02.676Z,2025-10-10T18:20:02.676Z,"[{""id"": ""http://purl.obolibrary.org/obo/MONDO_0015967"", ""label"": ""MONDO:0015967""}]","[""https://hpo.jax.org/app/browse/term/HP:0000006""]",,,https://cspec.genome.network/cspec/api/SequenceVariantInterpretation/id/GN085,https://cspec.genome.network/cspec/SequenceVariantInterpretation/id/GN085,2026-08-04T09:04:28.162256+00:00,9995ab1cdf2c6cc999d55e8870683b71e00333911f35f5f37eefffc854b63274,0.1.0
GCK,GCK,,GN086,ClinGen Monogenic Diabetes Expert Panel Specifications to the ACMG/AMP Variant Interpretation Guidelines for GCK Version 3.1,Monogenic Diabetes Variant Curation Expert Panel,3.1,current_released,2025-10-10T18:22:12.687Z,2025-10-10T18:22:12.687Z,"[{""id"": ""http://purl.obolibrary.org/obo/MONDO_0015967"", ""label"": ""MONDO:0015967""}]","[""https://hpo.jax.org/app/browse/term/HP:0032113""]",,,https://cspec.genome.network/cspec/api/SequenceVariantInterpretation/id/GN086,https://cspec.genome.network/cspec/SequenceVariantInterpretation/id/GN086,2026-08-04T09:04:28.164256+00:00,4a640cd250501f100ac3fd11a1ebdafb1c11124648dd51a0809b107781f096a4,0.1.0
MRAS,MRAS,,GN087,ClinGen RASopathy Expert Panel Specifications to the ACMG/AMP Variant Interpretation Guidelines for MRAS Version 1.4,RASopathy Variant Curation Expert Panel,1.4,current_released,2024-12-03T03:17:24.937Z,2024-12-03T03:17:24.937Z,"[{""id"": ""http://purl.obolibrary.org/obo/MONDO_0021060"", ""label"": ""MONDO:0021060""}]","[""https://hpo.jax.org/app/browse/term/HP:0000006""]",,,https://cspec.genome.network/cspec/api/SequenceVariantInterpretation/id/GN087,https://cspec.genome.network/cspec/SequenceVariantInterpretation/id/GN087,2026-08-04T09:04:28.166257+00:00,46df464ae35e97fe664ed8faf06f24a425263006648e5c39ec8e8a270ff925ad,0.1.0
RMRP,RMRP,,GN088,ClinGen Severe Combined Immunodeficiency Disease  Expert Panel Specifications to the ACMG/AMP Variant Interpretation Guidelines for RMRP Version 1.3,Severe Combined Immunodeficiency Disease  Variant Curation Expert Panel,1.3,current_released,2026-05-01T12:18:03.067Z,2026-05-01T12:18:03.067Z,"[{""id"": ""http://purl.obolibrary.org/obo/MONDO_0009595"", ""label"": ""MONDO:0009595""}]","[""https://hpo.jax.org/app/browse/term/HP:0000007""]",,,https://cspec.genome.network/cspec/api/SequenceVariantInterpretation/id/GN088,https://cspec.genome.network/cspec/SequenceVariantInterpretation/id/GN088,2026-08-04T09:04:28.168257+00:00,80aa6ecc75386b001f1691f57e6c8ce99b7f5e2c093defa4b4f0e1f80d7f2faa,0.1.0
APC,APC,,GN089,ClinGen InSiGHT Hereditary Colorectal Cancer/Polyposis Expert Panel Specifications to the ACMG/AMP Variant Interpretation Guidelines for APC Version 2.1,InSiGHT Hereditary Colorectal Cancer/Polyposis Variant Curation Expert Panel,2.1,current_released,2023-11-24T13:46:56.766Z,2023-11-24T13:46:56.766Z,"[{""id"": ""http://purl.obolibrary.org/obo/MONDO_0021056"", ""label"": ""MONDO:0021056""}]",[],,,https://cspec.genome.network/cspec/api/SequenceVariantInterpretation/id/GN089,https://cspec.genome.network/cspec/SequenceVariantInterpretation/id/GN089,2026-08-04T09:04:28.170761+00:00,3c5f0d6d814eb6ebdae15dbb06b22e7d05fc3fd5926b6b5446382d069c64eb0a,0.1.0
VWF,VWF,,GN090,ClinGen von Willebrand Disease  Expert Panel Specifications to the ACMG/AMP Variant Interpretation Guidelines for VWF Version 1.0,von Willebrand Disease  Variant Curation Expert Panel,1.0,current_released,2024-07-09T13:43:00.828Z,2024-07-09T13:43:00.828Z,"[{""id"": ""http://purl.obolibrary.org/obo/MONDO_0015631"", ""label"": ""MONDO:0015631""}]","[""https://hpo.jax.org/app/browse/term/HP:0000007""]",,,https://cspec.genome.network/cspec/api/SequenceVariantInterpretation/id/GN090,https://cspec.genome.network/cspec/SequenceVariantInterpretation/id/GN090,2026-08-04T09:04:28.172765+00:00,57bc7382e2670522352ab4abc806d702bc3cd2bcdf410c7364f7d99e544c8216,0.1.0
IDUA,IDUA,,GN091,ClinGen Lysosomal Diseases Expert Panel Specifications to the ACMG/AMP Variant Interpretation Guidelines for IDUA Version 1.2,Lysosomal Diseases Variant Curation Expert Panel,1.2,current_released,2026-01-23T15:06:25.630Z,2026-01-23T15:06:25.630Z,"[{""id"": ""http://purl.obolibrary.org/obo/MONDO_0001586"", ""label"": ""MONDO:0001586""}]","[""https://hpo.jax.org/app/browse/term/HP:0000007""]",,,https://cspec.genome.network/cspec/api/SequenceVariantInterpretation/id/GN091,https://cspec.genome.network/cspec/SequenceVariantInterpretation/id/GN091,2026-08-04T09:04:28.175244+00:00,0ad692b7f23188318573328278cc7072fc9dd1167fd24d35deeef8c3a9a3a249,0.1.0
BRCA1,BRCA1,,GN092,ClinGen ENIGMA BRCA1 and BRCA2 Expert Panel Specifications to the ACMG/AMP Variant Interpretation Guidelines for BRCA1 Version 1.2,ENIGMA BRCA1 and BRCA2 Variant Curation Expert Panel,1.2,current_released,2025-01-09T01:11:34.495Z,2025-01-09T01:11:34.495Z,"[{""id"": ""http://purl.obolibrary.org/obo/MONDO_0700268"", ""label"": ""MONDO:0700268""}]","[""https://hpo.jax.org/app/browse/term/HP:0000006""]",,,https://cspec.genome.network/cspec/api/SequenceVariantInterpretation/id/GN092,https://cspec.genome.network/cspec/SequenceVariantInterpretation/id/GN092,2026-08-04T09:04:28.176249+00:00,e11e7d09898dcdcd5d782094f61fea81884402f8a0af69f2e0ac0aa12de89d26,0.1.0
LZTR1,LZTR1,,GN094,ClinGen RASopathy Expert Panel Specifications to the ACMG/AMP Variant Interpretation Guidelines for LZTR1 Version 1.3,RASopathy Variant Curation Expert Panel,1.3,current_released,2024-12-03T02:21:56.105Z,2024-12-03T02:21:56.105Z,"[{""id"": ""http://purl.obolibrary.org/obo/MONDO_0021060"", ""label"": ""MONDO:0021060""}]","[""https://hpo.jax.org/app/browse/term/HP:0000007"", ""https://hpo.jax.org/app/browse/term/HP:0000006""]",,,https://cspec.genome.network/cspec/api/SequenceVariantInterpretation/id/GN094,https://cspec.genome.network/cspec/SequenceVariantInterpretation/id/GN094,2026-08-04T09:04:28.179261+00:00,f2e27b58700d24d0a8e997a860b29750368d9f8a28f3aad8316cd0c210c2433f,0.1.0
MYBPC3,MYBPC3,,GN095,ClinGen Cardiomyopathy Expert Panel Specifications to the ACMG/AMP Variant Interpretation Guidelines for MYBPC3 Version 1.0,Cardiomyopathy Variant Curation Expert Panel,1.0,current_released,2024-04-22T15:43:45.212Z,2024-04-22T15:43:45.212Z,"[{""id"": ""http://purl.obolibrary.org/obo/MONDO_0005045"", ""label"": ""MONDO:0005045""}]","[""https://hpo.jax.org/app/browse/term/HP:0000006""]",,,https://cspec.genome.network/cspec/api/SequenceVariantInterpretation/id/GN095,https://cspec.genome.network/cspec/SequenceVariantInterpretation/id/GN095,2026-08-04T09:04:28.181270+00:00,315a8d081f55bb331b7e5f7e9a187c78e6aa67b373fbae2524e89d5e13efb97d,0.1.0
BRCA2,BRCA2,,GN097,ClinGen ENIGMA BRCA1 and BRCA2 Expert Panel Specifications to the ACMG/AMP Variant Interpretation Guidelines for BRCA2 Version 1.2,ENIGMA BRCA1 and BRCA2 Variant Curation Expert Panel,1.2,current_released,2025-01-09T01:12:40.191Z,2025-01-09T01:12:40.191Z,"[{""id"": ""http://purl.obolibrary.org/obo/MONDO_0700269"", ""label"": ""MONDO:0700269""}]","[""https://hpo.jax.org/app/browse/term/HP:0000006""]",,,https://cspec.genome.network/cspec/api/SequenceVariantInterpretation/id/GN097,https://cspec.genome.network/cspec/SequenceVariantInterpretation/id/GN097,2026-08-04T09:04:28.183270+00:00,4d1e996851a71a9c9b54b17ac0a2bb21c0645de4d5d4262f8f601d3804e109e7,0.1.0
TNNI3,TNNI3,,GN098,ClinGen Cardiomyopathy Expert Panel Specifications to the ACMG/AMP Variant Interpretation Guidelines for TNNI3 Version 1.0,Cardiomyopathy Variant Curation Expert Panel,1.0,current_released,2024-04-22T15:44:13.911Z,2024-04-22T15:44:13.911Z,"[{""id"": ""http://purl.obolibrary.org/obo/MONDO_0005045"", ""label"": ""MONDO:0005045""}]","[""https://hpo.jax.org/app/browse/term/HP:0000006""]",,,https://cspec.genome.network/cspec/api/SequenceVariantInterpretation/id/GN098,https://cspec.genome.network/cspec/SequenceVariantInterpretation/id/GN098,2026-08-04T09:04:28.185272+00:00,5d675cccf2c25434c97a13bfbb58723a6ec83e10777aaa684522beeab20e19da,0.1.0
TNNT2,TNNT2,,GN099,ClinGen Cardiomyopathy Expert Panel Specifications to the ACMG/AMP Variant Interpretation Guidelines for TNNT2 Version 1.0,Cardiomyopathy Variant Curation Expert Panel,1.0,current_released,2024-04-22T15:44:40.270Z,2024-04-22T15:44:40.270Z,"[{""id"": ""http://purl.obolibrary.org/obo/MONDO_0005045"", ""label"": ""MONDO:0005045""}, {""id"": ""http://purl.obolibrary.org/obo/MONDO_0005021"", ""label"": ""MONDO:0005021""}]","[""https://hpo.jax.org/app/browse/term/HP:0000006""]",,,https://cspec.genome.network/cspec/api/SequenceVariantInterpretation/id/GN099,https://cspec.genome.network/cspec/SequenceVariantInterpretation/id/GN099,2026-08-04T09:04:28.187271+00:00,7bf37a791138744d221a94ea8b57a0180ac3aed68e7ec7847d30b159807f05b6,0.1.0
TPM1,TPM1,,GN100,ClinGen Cardiomyopathy Expert Panel Specifications to the ACMG/AMP Variant Interpretation Guidelines for TPM1 Version 1.0,Cardiomyopathy Variant Curation Expert Panel,1.0,current_released,2024-04-22T15:45:10.424Z,2024-04-22T15:45:10.424Z,"[{""id"": ""http://purl.obolibrary.org/obo/MONDO_0005045"", ""label"": ""MONDO:0005045""}]","[""https://hpo.jax.org/app/browse/term/HP:0000006""]",,,https://cspec.genome.network/cspec/api/SequenceVariantInterpretation/id/GN100,https://cspec.genome.network/cspec/SequenceVariantInterpretation/id/GN100,2026-08-04T09:04:28.228783+00:00,ccafaa1ec59cb6ab7e49b00d2121c2f1b81dcd2c81066f994ae6f1ccd7b0d351,0.1.0
ACTC1,ACTC1,,GN101,ClinGen Cardiomyopathy Expert Panel Specifications to the ACMG/AMP Variant Interpretation Guidelines for ACTC1 Version 1.0,Cardiomyopathy Variant Curation Expert Panel,1.0,current_released,2024-04-22T15:45:38.513Z,2024-04-22T15:45:38.513Z,"[{""id"": ""http://purl.obolibrary.org/obo/MONDO_0005045"", ""label"": ""MONDO:0005045""}]","[""https://hpo.jax.org/app/browse/term/HP:0000006""]",,,https://cspec.genome.network/cspec/api/SequenceVariantInterpretation/id/GN101,https://cspec.genome.network/cspec/SequenceVariantInterpretation/id/GN101,2026-08-04T09:04:28.230783+00:00,dd94f5174a4073e443981d93056c6f60d27a09dd361839c164281cf4e3b55f62,0.1.0
MYL2,MYL2,,GN102,ClinGen Cardiomyopathy Expert Panel Specifications to the ACMG/AMP Variant Interpretation Guidelines for MYL2 Version 1.0,Cardiomyopathy Variant Curation Expert Panel,1.0,current_released,2024-04-22T15:46:04.965Z,2024-04-22T15:46:04.965Z,"[{""id"": ""http://purl.obolibrary.org/obo/MONDO_0005045"", ""label"": ""MONDO:0005045""}]","[""https://hpo.jax.org/app/browse/term/HP:0000006""]",,,https://cspec.genome.network/cspec/api/SequenceVariantInterpretation/id/GN102,https://cspec.genome.network/cspec/SequenceVariantInterpretation/id/GN102,2026-08-04T09:04:28.232785+00:00,5ca9ea0aa9720815762f02052a337a4b892aac55ac7338bda0065f978ee63a75,0.1.0
MYL3,MYL3,,GN103,ClinGen Cardiomyopathy Expert Panel Specifications to the ACMG/AMP Variant Interpretation Guidelines for MYL3 Version 1.0,Cardiomyopathy Variant Curation Expert Panel,1.0,current_released,2024-04-22T15:46:31.027Z,2024-04-22T15:46:31.027Z,"[{""id"": ""http://purl.obolibrary.org/obo/MONDO_0005045"", ""label"": ""MONDO:0005045""}]","[""https://hpo.jax.org/app/browse/term/HP:0000006""]",,,https://cspec.genome.network/cspec/api/SequenceVariantInterpretation/id/GN103,https://cspec.genome.network/cspec/SequenceVariantInterpretation/id/GN103,2026-08-04T09:04:28.234786+00:00,61f2430a575ead5287f5321b527cf3892c752d2a1b32050ad29a301be387a78b,0.1.0
CYP1B1,CYP1B1,,GN104,ClinGen Glaucoma Expert Panel Specifications to the ACMG/AMP Variant Interpretation Guidelines for CYP1B1 Version 2.0,Glaucoma Variant Curation Expert Panel,2.0,current_released,2026-07-16T03:34:42.099Z,2026-07-16T03:34:42.099Z,"[{""id"": ""http://purl.obolibrary.org/obo/MONDO_0800472"", ""label"": ""MONDO:0800472""}]","[""https://hpo.jax.org/app/browse/term/HP:0000007""]",,,https://cspec.genome.network/cspec/api/SequenceVariantInterpretation/id/GN104,https://cspec.genome.network/cspec/SequenceVariantInterpretation/id/GN104,2026-08-04T09:04:28.236786+00:00,f34af8d4f102d9e0a5545d2f132d8d9f64f22326559e8b0b3f6e810d92750975,0.1.0
ABCD1,ABCD1,,GN105,ClinGen Peroxisomal Disorders Expert Panel Specifications to the ACMG/AMP Variant Interpretation Guidelines for ABCD1 Version 1.0,Peroxisomal Disorders Variant Curation Expert Panel,1.0,current_released,2026-04-06T20:44:54.151Z,2026-04-06T20:44:54.151Z,"[{""id"": ""http://purl.obolibrary.org/obo/MONDO_0018544"", ""label"": ""MONDO:0018544""}]",[],,,https://cspec.genome.network/cspec/api/SequenceVariantInterpretation/id/GN105,https://cspec.genome.network/cspec/SequenceVariantInterpretation/id/GN105,2026-08-04T09:04:28.238785+00:00,d3c93f3804dfb1ee3540ed930b0757dffc1d0fe2d827083d9834ba0148e6abe5,0.1.0
RPGR,RPGR,,GN106,ClinGen X-linked Inherited Retinal Disease Expert Panel Specifications to the ACMG/AMP Variant Interpretation Guidelines for RPGR Version 1.0,X-linked Inherited Retinal Disease Variant Curation Expert Panel,1.0,current_released,2025-05-16T14:03:00.945Z,2025-05-16T14:03:00.945Z,"[{""id"": ""http://purl.obolibrary.org/obo/MONDO_0100437"", ""label"": ""MONDO:0100437""}]",[],,,https://cspec.genome.network/cspec/api/SequenceVariantInterpretation/id/GN106,https://cspec.genome.network/cspec/SequenceVariantInterpretation/id/GN106,2026-08-04T09:04:28.240785+00:00,03d324f5288c2b58f582927b3c556c2086168819b9c6a06efa1e2d61cdac55f7,0.1.0
KCNQ1,KCNQ1,,GN112,ClinGen Potassium Channel Arrhythmia Expert Panel Specifications to the ACMG/AMP Variant Interpretation Guidelines for KCNQ1 Version 1.0,Potassium Channel Arrhythmia Variant Curation Expert Panel,1.0,current_released,2025-06-25T03:20:34.602Z,2025-06-25T03:20:34.602Z,"[{""id"": ""http://purl.obolibrary.org/obo/MONDO_0100316"", ""label"": ""MONDO:0100316""}]","[""https://hpo.jax.org/app/browse/term/HP:0000006"", ""https://hpo.jax.org/app/browse/term/HP:0000007""]",,,https://cspec.genome.network/cspec/api/SequenceVariantInterpretation/id/GN112,https://cspec.genome.network/cspec/SequenceVariantInterpretation/id/GN112,2026-08-04T09:04:28.247785+00:00,27092aec40ee4c22e52dcf32e7a4ab254126cb301a8371bca57959c50e362f6c,0.1.0
FOXN1,FOXN1,,GN113,ClinGen Severe Combined Immunodeficiency Disease  Expert Panel Specifications to the ACMG/AMP Variant Interpretation Guidelines for FOXN1 Version 2.3,Severe Combined Immunodeficiency Disease  Variant Curation Expert Panel,2.3,current_released,2026-06-01T14:49:02.025Z,2026-06-01T14:49:02.025Z,"[{""id"": ""http://purl.obolibrary.org/obo/MONDO_0011132"", ""label"": ""MONDO:0011132""}]","[""https://hpo.jax.org/app/browse/term/HP:0032113""]",,,https://cspec.genome.network/cspec/api/SequenceVariantInterpretation/id/GN113,https://cspec.genome.network/cspec/SequenceVariantInterpretation/id/GN113,2026-08-04T09:04:28.248785+00:00,7a2e70a16f4db4b281a4059023c623cffccd10fd40b75f1c65f3ce6025137e4f,0.1.0
ADA,ADA,,GN114,ClinGen Severe Combined Immunodeficiency Disease  Expert Panel Specifications to the ACMG/AMP Variant Interpretation Guidelines for ADA Version 2.2,Severe Combined Immunodeficiency Disease  Variant Curation Expert Panel,2.2,current_released,2026-07-17T12:21:57.384Z,2026-07-17T12:21:57.384Z,"[{""id"": ""http://purl.obolibrary.org/obo/MONDO_0007064"", ""label"": ""MONDO:0007064""}]","[""https://hpo.jax.org/app/browse/term/HP:0000007""]",,,https://cspec.genome.network/cspec/api/SequenceVariantInterpretation/id/GN114,https://cspec.genome.network/cspec/SequenceVariantInterpretation/id/GN114,2026-08-04T09:04:28.250784+00:00,58875d2e2474da443ee6f920f063ba7e469d61a67aacb021a136062742deb8c9,0.1.0
MLH1,MLH1,,GN115,ClinGen InSiGHT Hereditary Colorectal Cancer/Polyposis Expert Panel Specifications to the ACMG/AMP Variant Interpretation Guidelines for MLH1 Version 2.0,InSiGHT Hereditary Colorectal Cancer/Polyposis Variant Curation Expert Panel,2.0,current_released,2026-03-05T11:11:43.399Z,2026-03-05T11:11:43.399Z,"[{""id"": ""http://purl.obolibrary.org/obo/MONDO_0012249"", ""label"": ""MONDO:0012249""}, {""id"": ""http://purl.obolibrary.org/obo/MONDO_0010159"", ""label"": ""MONDO:0010159""}]","[""https://hpo.jax.org/app/browse/term/HP:0000006"", ""https://hpo.jax.org/app/browse/term/HP:0000007""]",,,https://cspec.genome.network/cspec/api/SequenceVariantInterpretation/id/GN115,https://cspec.genome.network/cspec/SequenceVariantInterpretation/id/GN115,2026-08-04T09:04:28.252784+00:00,0ae10cb0355a1abd50069851589647384450e2ed55707e6641bf49c1f6c19778,0.1.0
DCLRE1C,DCLRE1C,,GN116,ClinGen Severe Combined Immunodeficiency Disease  Expert Panel Specifications to the ACMG/AMP Variant Interpretation Guidelines for DCLRE1C Version 2.2,Severe Combined Immunodeficiency Disease  Variant Curation Expert Panel,2.2,current_released,2026-06-01T14:52:11.295Z,2026-06-01T14:52:11.295Z,"[{""id"": ""http://purl.obolibrary.org/obo/MONDO_0011225"", ""label"": ""MONDO:0011225""}]","[""https://hpo.jax.org/app/browse/term/HP:0000007""]",,,https://cspec.genome.network/cspec/api/SequenceVariantInterpretation/id/GN116,https://cspec.genome.network/cspec/SequenceVariantInterpretation/id/GN116,2026-08-04T09:04:28.254152+00:00,ee69119a746cdd8795f5fa2334e452cb297e6459fab0a5bcf88016f2bb55c5e1,0.1.0
IL7R,IL7R,,GN119,ClinGen Severe Combined Immunodeficiency Disease  Expert Panel Specifications to the ACMG/AMP Variant Interpretation Guidelines for IL7R Version 2.2,Severe Combined Immunodeficiency Disease  Variant Curation Expert Panel,2.2,current_released,2026-05-15T17:13:29.290Z,2026-05-15T17:13:29.290Z,"[{""id"": ""http://purl.obolibrary.org/obo/MONDO_0012163"", ""label"": ""MONDO:0012163""}]","[""https://hpo.jax.org/app/browse/term/HP:0000007""]",,,https://cspec.genome.network/cspec/api/SequenceVariantInterpretation/id/GN119,https://cspec.genome.network/cspec/SequenceVariantInterpretation/id/GN119,2026-08-04T09:04:28.257165+00:00,4b979b5142ba6f3f0490a399a6705bac5123af65c57f9b87cdeffc3aeb4b3c06,0.1.0
RPE65,RPE65,,GN120,ClinGen Leber Congenital Amaurosis/early onset Retinal Dystrophy Expert Panel Specifications to the ACMG/AMP Variant Interpretation Guidelines for RPE65 Version 1.0,Leber Congenital Amaurosis/early onset Retinal Dystrophy Variant Curation Expert Panel,1.0,current_released,2023-10-24T07:58:03.767Z,2023-10-24T07:58:03.767Z,"[{""id"": ""http://purl.obolibrary.org/obo/MONDO_0100368"", ""label"": ""MONDO:0100368""}]","[""https://hpo.jax.org/app/browse/term/HP:0000007""]",,,https://cspec.genome.network/cspec/api/SequenceVariantInterpretation/id/GN120,https://cspec.genome.network/cspec/SequenceVariantInterpretation/id/GN120,2026-08-04T09:04:28.259164+00:00,84b5923fe5169f2377d2d621caf2b74408ee53f279a53a40b264cd660106d793,0.1.0
JAK3,JAK3,,GN121,ClinGen Severe Combined Immunodeficiency Disease  Expert Panel Specifications to the ACMG/AMP Variant Interpretation Guidelines for JAK3 Version 2.3,Severe Combined Immunodeficiency Disease  Variant Curation Expert Panel,2.3,current_released,2026-06-01T14:54:01.299Z,2026-06-01T14:54:01.299Z,"[{""id"": ""http://purl.obolibrary.org/obo/MONDO_0010938"", ""label"": ""MONDO:0010938""}]","[""https://hpo.jax.org/app/browse/term/HP:0000007""]",,,https://cspec.genome.network/cspec/api/SequenceVariantInterpretation/id/GN121,https://cspec.genome.network/cspec/SequenceVariantInterpretation/id/GN121,2026-08-04T09:04:28.261164+00:00,94ea704eedf57a9b8e1ad19ebf1beb78aac75369081e241dd183f655b0d72f76,0.1.0
CTLA4,CTLA4,,GN122,ClinGen Antibody Deficiencies Expert Panel Specifications to the ACMG/AMP Variant Interpretation Guidelines for CTLA4 Version 2.0,Antibody Deficiencies Variant Curation Expert Panel,2.0,current_released,2026-07-31T15:18:59.289Z,2026-07-31T15:18:59.289Z,"[{""id"": ""http://purl.obolibrary.org/obo/MONDO_0014493"", ""label"": ""MONDO:0014493""}]","[""https://hpo.jax.org/app/browse/term/HP:0000006""]",,,https://cspec.genome.network/cspec/api/SequenceVariantInterpretation/id/GN122,https://cspec.genome.network/cspec/SequenceVariantInterpretation/id/GN122,2026-08-04T09:04:28.263165+00:00,a8cd8f3b7717324ea44a05be345b8688511f7529e0d5e382b5e2ce298dbeb6c5,0.1.0
RAG1,RAG1,,GN123,ClinGen Severe Combined Immunodeficiency Disease  Expert Panel Specifications to the ACMG/AMP Variant Interpretation Guidelines for RAG1 Version 2.2,Severe Combined Immunodeficiency Disease  Variant Curation Expert Panel,2.2,current_released,2026-05-15T17:17:05.817Z,2026-05-15T17:17:05.817Z,"[{""id"": ""http://purl.obolibrary.org/obo/MONDO_0000572"", ""label"": ""MONDO:0000572""}]","[""https://hpo.jax.org/app/browse/term/HP:0000007""]",,,https://cspec.genome.network/cspec/api/SequenceVariantInterpretation/id/GN123,https://cspec.genome.network/cspec/SequenceVariantInterpretation/id/GN123,2026-08-04T09:04:28.265165+00:00,52147575d7bc38f78c8bb965c3f4b9b1481e72f1dbd12eb4fdf8269a7470f6f4,0.1.0
RAG2,RAG2,,GN124,ClinGen Severe Combined Immunodeficiency Disease  Expert Panel Specifications to the ACMG/AMP Variant Interpretation Guidelines for RAG2 Version 2.2,Severe Combined Immunodeficiency Disease  Variant Curation Expert Panel,2.2,current_released,2026-06-01T14:55:18.960Z,2026-06-01T14:55:18.960Z,"[{""id"": ""http://purl.obolibrary.org/obo/MONDO_0000573"", ""label"": ""MONDO:0000573""}]","[""https://hpo.jax.org/app/browse/term/HP:0000007""]",,,https://cspec.genome.network/cspec/api/SequenceVariantInterpretation/id/GN124,https://cspec.genome.network/cspec/SequenceVariantInterpretation/id/GN124,2026-08-04T09:04:28.267166+00:00,55269c59085f962ede93dc6be2e6c313c0070e24e7090c4167929a06c121014d,0.1.0
BMPR2,BMPR2,,GN125,ClinGen Pulmonary Hypertension Expert Panel Specifications to the ACMG/AMP Variant Interpretation Guidelines for BMPR2 Version 2.0,Pulmonary Hypertension Variant Curation Expert Panel,2.0,current_released,2026-01-30T17:27:18.570Z,2026-01-30T17:27:18.570Z,"[{""id"": ""http://purl.obolibrary.org/obo/MONDO_0015924"", ""label"": ""MONDO:0015924""}]","[""https://hpo.jax.org/app/browse/term/HP:0000006""]",,,https://cspec.genome.network/cspec/api/SequenceVariantInterpretation/id/GN125,https://cspec.genome.network/cspec/SequenceVariantInterpretation/id/GN125,2026-08-04T09:04:28.268164+00:00,4bb64565673f06ff5bf6c76b423ce1adfbc4d08b1b7345fcbff1fae998f078c9,0.1.0
RS1,RS1,,GN126,ClinGen X-linked Inherited Retinal Disease Expert Panel Specifications to the ACMG/AMP Variant Interpretation Guidelines for RS1 Version 1.0,X-linked Inherited Retinal Disease Variant Curation Expert Panel,1.0,current_released,2025-05-16T14:04:43.910Z,2025-05-16T14:04:43.910Z,"[{""id"": ""http://purl.obolibrary.org/obo/MONDO_0010725"", ""label"": ""MONDO:0010725""}]",[],,,https://cspec.genome.network/cspec/api/SequenceVariantInterpretation/id/GN126,https://cspec.genome.network/cspec/SequenceVariantInterpretation/id/GN126,2026-08-04T09:04:28.271164+00:00,d4fd4496af1e023c9c4b4751d3074d5c5a13f170af915a90b8ec5ac9da395df9,0.1.0
RRAS2,RRAS2,,GN127,ClinGen RASopathy Expert Panel Specifications to the ACMG/AMP Variant Interpretation Guidelines for RRAS2 Version 1.3,RASopathy Variant Curation Expert Panel,1.3,current_released,2024-12-03T02:28:48.449Z,2024-12-03T02:28:48.449Z,"[{""id"": ""http://purl.obolibrary.org/obo/MONDO_0021060"", ""label"": ""MONDO:0021060""}]","[""https://hpo.jax.org/app/browse/term/HP:0000006""]",,,https://cspec.genome.network/cspec/api/SequenceVariantInterpretation/id/GN127,https://cspec.genome.network/cspec/SequenceVariantInterpretation/id/GN127,2026-08-04T09:04:28.272189+00:00,7cf280f151f63a5dc0879db680c6ae3c6187440358a60e9d08055a66958fc81a,0.1.0
PPP1CB,PPP1CB,,GN128,ClinGen RASopathy Expert Panel Specifications to the ACMG/AMP Variant Interpretation Guidelines for PPP1CB Version 1.3,RASopathy Variant Curation Expert Panel,1.3,current_released,2024-12-03T02:31:48.447Z,2024-12-03T02:31:48.447Z,"[{""id"": ""http://purl.obolibrary.org/obo/MONDO_0021060"", ""label"": ""MONDO:0021060""}]","[""https://hpo.jax.org/app/browse/term/HP:0000006""]",,,https://cspec.genome.network/cspec/api/SequenceVariantInterpretation/id/GN128,https://cspec.genome.network/cspec/SequenceVariantInterpretation/id/GN128,2026-08-04T09:04:28.274189+00:00,fe6e91ef2d525dda301c6cdde37dd01590a85144c7ceaf1406664d30d7554643,0.1.0
IL2RG,IL2RG,,GN129,ClinGen Severe Combined Immunodeficiency Disease  Expert Panel Specifications to the ACMG/AMP Variant Interpretation Guidelines for IL2RG Version 2.2,Severe Combined Immunodeficiency Disease  Variant Curation Expert Panel,2.2,current_released,2026-06-01T14:56:46.754Z,2026-06-01T14:56:46.754Z,"[{""id"": ""http://purl.obolibrary.org/obo/MONDO_0010315"", ""label"": ""MONDO:0010315""}]",[],,,https://cspec.genome.network/cspec/api/SequenceVariantInterpretation/id/GN129,https://cspec.genome.network/cspec/SequenceVariantInterpretation/id/GN129,2026-08-04T09:04:28.276188+00:00,5a19314fbec19dfaaa92edea8257d0eb5ccb5dbe2eaf6469ee3ce94e797e82c9,0.1.0
ACVRL1,ACVRL1,,GN135,ClinGen Hereditary Hemorrhagic Telangiectasia Expert Panel Specifications to the ACMG/AMP Variant Interpretation Guidelines for ACVRL1 Version 1.1,Hereditary Hemorrhagic Telangiectasia Variant Curation Expert Panel,1.1,current_released,2024-03-20T16:13:39.132Z,2024-03-20T16:13:39.132Z,"[{""id"": ""http://purl.obolibrary.org/obo/MONDO_0010880"", ""label"": ""MONDO:0010880""}]","[""https://hpo.jax.org/app/browse/term/HP:0000006""]",,,https://cspec.genome.network/cspec/api/SequenceVariantInterpretation/id/GN135,https://cspec.genome.network/cspec/SequenceVariantInterpretation/id/GN135,2026-08-04T09:04:28.281188+00:00,02dca44bc3ef49679eba1467af1af57f163376f5017452b4df5f3d880613a265,0.1.0
ENG,ENG,,GN136,ClinGen Hereditary Hemorrhagic Telangiectasia Expert Panel Specifications to the ACMG/AMP Variant Interpretation Guidelines for ENG Version 1.1,Hereditary Hemorrhagic Telangiectasia Variant Curation Expert Panel,1.1,current_released,2024-03-20T16:14:11.019Z,2024-03-20T16:14:11.019Z,"[{""id"": ""http://purl.obolibrary.org/obo/MONDO_0008535"", ""label"": ""MONDO:0008535""}]","[""https://hpo.jax.org/app/browse/term/HP:0000006""]",,,https://cspec.genome.network/cspec/api/SequenceVariantInterpretation/id/GN136,https://cspec.genome.network/cspec/SequenceVariantInterpretation/id/GN136,2026-08-04T09:04:28.283189+00:00,e77cd3ffe1e301170cf1e7f48e342c00bf23dd785a5f61974228f36e037c2990,0.1.0
MSH2,MSH2,,GN137,ClinGen InSiGHT Hereditary Colorectal Cancer/Polyposis Expert Panel Specifications to the ACMG/AMP Variant Interpretation Guidelines for MSH2 Version 2.0,InSiGHT Hereditary Colorectal Cancer/Polyposis Variant Curation Expert Panel,2.0,current_released,2026-03-05T11:12:41.089Z,2026-03-05T11:12:41.089Z,"[{""id"": ""http://purl.obolibrary.org/obo/MONDO_0007356"", ""label"": ""MONDO:0007356""}, {""id"": ""http://purl.obolibrary.org/obo/MONDO_0010159"", ""label"": ""MONDO:0010159""}]","[""https://hpo.jax.org/app/browse/term/HP:0000006"", ""https://hpo.jax.org/app/browse/term/HP:0000007""]",,,https://cspec.genome.network/cspec/api/SequenceVariantInterpretation/id/GN137,https://cspec.genome.network/cspec/SequenceVariantInterpretation/id/GN137,2026-08-04T09:04:28.284188+00:00,528e98d039854ae27a8310195be4e368f72d4a1170d167d0366bdbdad0aafead,0.1.0
MSH6,MSH6,,GN138,ClinGen InSiGHT Hereditary Colorectal Cancer/Polyposis Expert Panel Specifications to the ACMG/AMP Variant Interpretation Guidelines for MSH6 Version 2.0,InSiGHT Hereditary Colorectal Cancer/Polyposis Variant Curation Expert Panel,2.0,current_released,2026-03-05T11:13:27.738Z,2026-03-05T11:13:27.738Z,"[{""id"": ""http://purl.obolibrary.org/obo/MONDO_0005835"", ""label"": ""MONDO:0005835""}, {""id"": ""http://purl.obolibrary.org/obo/MONDO_0010159"", ""label"": ""MONDO:0010159""}]","[""https://hpo.jax.org/app/browse/term/HP:0000006"", ""https://hpo.jax.org/app/browse/term/HP:0000007""]",,,https://cspec.genome.network/cspec/api/SequenceVariantInterpretation/id/GN138,https://cspec.genome.network/cspec/SequenceVariantInterpretation/id/GN138,2026-08-04T09:04:28.286189+00:00,2672874886437724e6d1840680bf16457f6a7a438868ee46289e79005cc199f1,0.1.0
PMS2,PMS2,,GN139,ClinGen InSiGHT Hereditary Colorectal Cancer/Polyposis Expert Panel Specifications to the ACMG/AMP Variant Interpretation Guidelines for PMS2 Version 2.0,InSiGHT Hereditary Colorectal Cancer/Polyposis Variant Curation Expert Panel,2.0,current_released,2026-03-05T11:14:08.350Z,2026-03-05T11:14:08.350Z,"[{""id"": ""http://purl.obolibrary.org/obo/MONDO_0013699"", ""label"": ""MONDO:0013699""}, {""id"": ""http://purl.obolibrary.org/obo/MONDO_0010159"", ""label"": ""MONDO:0010159""}]","[""https://hpo.jax.org/app/browse/term/HP:0000006"", ""https://hpo.jax.org/app/browse/term/HP:0000007""]",,,https://cspec.genome.network/cspec/api/SequenceVariantInterpretation/id/GN139,https://cspec.genome.network/cspec/SequenceVariantInterpretation/id/GN139,2026-08-04T09:04:28.288227+00:00,ae306d9bc02a9d4c69844ac9ebb0ecb147932a42f7c05c45470f5785cad42ef1,0.1.0
PIK3CD,PIK3CD,,GN141,ClinGen Antibody Deficiencies Expert Panel Specifications to the ACMG/AMP Variant Interpretation Guidelines for PIK3CD Version 1.0,Antibody Deficiencies Variant Curation Expert Panel,1.0,current_released,2025-12-16T16:36:15.375Z,2025-12-16T16:36:15.375Z,"[{""id"": ""http://purl.obolibrary.org/obo/MONDO_0014222"", ""label"": ""MONDO:0014222""}]","[""https://hpo.jax.org/app/browse/term/HP:0000006""]",,,https://cspec.genome.network/cspec/api/SequenceVariantInterpretation/id/GN141,https://cspec.genome.network/cspec/SequenceVariantInterpretation/id/GN141,2026-08-04T09:04:28.290233+00:00,7eac2503025ed895aadb30770511937f0f4fd5ec4263698c59064f099c597c33,0.1.0
NEB,NEB,,GN146,ClinGen Congenital Myopathies Expert Panel Specifications to the ACMG/AMP Variant Interpretation Guidelines for NEB Version 1.0,Congenital Myopathies Variant Curation Expert Panel,1.0,current_released,2024-08-07T13:31:09.872Z,2024-08-07T13:31:09.872Z,"[{""id"": ""http://purl.obolibrary.org/obo/MONDO_0018958"", ""label"": ""MONDO:0018958""}]","[""https://hpo.jax.org/app/browse/term/HP:0000007""]",,,https://cspec.genome.network/cspec/api/SequenceVariantInterpretation/id/GN146,https://cspec.genome.network/cspec/SequenceVariantInterpretation/id/GN146,2026-08-04T09:04:28.295234+00:00,c6065a7391a550db9ff57fcb2ffb3cdb2657dc03024244a617ee782ac0bfbb56,0.1.0
ACTA1,ACTA1,,GN147,ClinGen Congenital Myopathies Expert Panel Specifications to the ACMG/AMP Variant Interpretation Guidelines for ACTA1 Version 2.0,Congenital Myopathies Variant Curation Expert Panel,2.0,current_released,2024-08-27T17:15:09.788Z,2024-08-27T17:15:09.788Z,"[{""id"": ""http://purl.obolibrary.org/obo/MONDO_0100084"", ""label"": ""MONDO:0100084""}]","[""https://hpo.jax.org/app/browse/term/HP:0000006""]",,,https://cspec.genome.network/cspec/api/SequenceVariantInterpretation/id/GN147,https://cspec.genome.network/cspec/SequenceVariantInterpretation/id/GN147,2026-08-04T09:04:28.296430+00:00,e549a9d82fdd2f4280d3990ff57a93d790e555827ef42b4d5ac4a15510a03ede,0.1.0
DNM2,DNM2,,GN148,ClinGen Congenital Myopathies Expert Panel Specifications to the ACMG/AMP Variant Interpretation Guidelines for DNM2 Version 1.0,Congenital Myopathies Variant Curation Expert Panel,1.0,current_released,2024-08-07T13:40:09.746Z,2024-08-07T13:40:09.746Z,"[{""id"": ""http://purl.obolibrary.org/obo/MONDO_0018947"", ""label"": ""MONDO:0018947""}]","[""https://hpo.jax.org/app/browse/term/HP:0000006""]",,,https://cspec.genome.network/cspec/api/SequenceVariantInterpretation/id/GN148,https://cspec.genome.network/cspec/SequenceVariantInterpretation/id/GN148,2026-08-04T09:04:28.298717+00:00,b9767bbf9db1c395e9c3f2f78d3f6673c0f2f0cad8bb431ad40c36cb477f1311,0.1.0
MTM1,MTM1,,GN149,ClinGen Congenital Myopathies Expert Panel Specifications to the ACMG/AMP Variant Interpretation Guidelines for MTM1 Version 1.0,Congenital Myopathies Variant Curation Expert Panel,1.0,current_released,2024-08-07T13:43:32.902Z,2024-08-07T13:43:32.902Z,"[{""id"": ""http://purl.obolibrary.org/obo/MONDO_0018947"", ""label"": ""MONDO:0018947""}]",[],,,https://cspec.genome.network/cspec/api/SequenceVariantInterpretation/id/GN149,https://cspec.genome.network/cspec/SequenceVariantInterpretation/id/GN149,2026-08-04T09:04:28.299723+00:00,d87a3f7102dce3d103550fcd2191068293eee1868cce0cace0013da06ab33080,0.1.0
RYR1,RYR1,,GN150,ClinGen Congenital Myopathies Expert Panel Specifications to the ACMG/AMP Variant Interpretation Guidelines for RYR1 Version 2.0,Congenital Myopathies Variant Curation Expert Panel,2.0,current_released,2024-12-12T14:12:10.165Z,2024-12-12T14:12:10.165Z,"[{""id"": ""http://purl.obolibrary.org/obo/MONDO_0100150"", ""label"": ""MONDO:0100150""}]","[""https://hpo.jax.org/app/browse/term/HP:0000006""]",,,https://cspec.genome.network/cspec/api/SequenceVariantInterpretation/id/GN150,https://cspec.genome.network/cspec/SequenceVariantInterpretation/id/GN150,2026-08-04T09:04:28.301110+00:00,33cb6ac60f4258244b120c440a201c1867b610faab4e9372ac6863349f82430b,0.1.0
OTC,OTC,,GN156,ClinGen Urea Cycle Disorders Expert Panel Specifications to the ACMG/AMP Variant Interpretation Guidelines for OTC Version 1.0,Urea Cycle Disorders Variant Curation Expert Panel,1.0,current_released,2026-02-27T19:37:08.107Z,2026-02-27T19:37:08.107Z,"[{""id"": ""http://purl.obolibrary.org/obo/MONDO_0010703"", ""label"": ""MONDO:0010703""}]",[],,,https://cspec.genome.network/cspec/api/SequenceVariantInterpretation/id/GN156,https://cspec.genome.network/cspec/SequenceVariantInterpretation/id/GN156,2026-08-04T09:04:28.305470+00:00,17095f414f436e874e427f02308584c183b211c5dd3fcfa8401c60b28c247cc7,0.1.0
GFAP,GFAP,,GN157,ClinGen Leukodystrophy and Leukoencephalopathy Expert Panel Specifications to the ACMG/AMP Variant Interpretation Guidelines for GFAP Version 1.0,Leukodystrophy and Leukoencephalopathy Variant Curation Expert Panel,1.0,current_released,2026-08-03T16:28:25.486Z,2026-08-03T16:28:25.486Z,"[{""id"": ""http://purl.obolibrary.org/obo/MONDO_0008752"", ""label"": ""MONDO:0008752""}]","[""https://hpo.jax.org/app/browse/term/HP:0000006""]",,,https://cspec.genome.network/cspec/api/SequenceVariantInterpretation/id/GN157,https://cspec.genome.network/cspec/SequenceVariantInterpretation/id/GN157,2026-08-04T09:04:28.307860+00:00,f0e9005caf96bded7be21a6dfbab4d330b8bd819551ed0056871541fb045c8b0,0.1.0
GALT,GALT,,GN158,ClinGen Galactosemia Expert Panel Specifications to the ACMG/AMP Variant Interpretation Guidelines for GALT Version 1.1,Galactosemia Variant Curation Expert Panel,1.1,current_released,2026-07-23T19:32:10.654Z,2026-07-23T19:32:10.654Z,"[{""id"": ""http://purl.obolibrary.org/obo/MONDO_0018116"", ""label"": ""MONDO:0018116""}]","[""https://hpo.jax.org/app/browse/term/HP:0000007""]",,,https://cspec.genome.network/cspec/api/SequenceVariantInterpretation/id/GN158,https://cspec.genome.network/cspec/SequenceVariantInterpretation/id/GN158,2026-08-04T09:04:28.309860+00:00,dc086441355cb53b26fd0569b4ed1b7e095e3bf9c4d751c155ceddbe55489a66,0.1.0
PIK3R1,PIK3R1,,GN160,ClinGen Antibody Deficiencies Expert Panel Specifications to the ACMG/AMP Variant Interpretation Guidelines for PIK3R1 Version 1.0,Antibody Deficiencies Variant Curation Expert Panel,1.0,current_released,2026-04-29T19:28:58.869Z,2026-04-29T19:28:58.869Z,"[{""id"": ""http://purl.obolibrary.org/obo/MONDO_1060136"", ""label"": ""MONDO:1060136""}]","[""https://hpo.jax.org/app/browse/term/HP:0000006""]",,,https://cspec.genome.network/cspec/api/SequenceVariantInterpretation/id/GN160,https://cspec.genome.network/cspec/SequenceVariantInterpretation/id/GN160,2026-08-04T09:04:28.312860+00:00,67346e2c2dcc008c1484322acdcd1a7cb14f0b6cbdbb677e692b0f6638731976,0.1.0
ABCA4,ABCA4,,GN164,ClinGen ABCA4 Expert Panel Specifications to the ACMG/AMP Variant Interpretation Guidelines for ABCA4 Version 1.0,ABCA4 Variant Curation Expert Panel,1.0,current_released,2025-11-14T21:02:44.746Z,2025-11-14T21:02:44.746Z,"[{""id"": ""http://purl.obolibrary.org/obo/MONDO_0800406"", ""label"": ""MONDO:0800406""}]","[""https://hpo.jax.org/app/browse/term/HP:0000007""]",,,https://cspec.genome.network/cspec/api/SequenceVariantInterpretation/id/GN164,https://cspec.genome.network/cspec/SequenceVariantInterpretation/id/GN164,2026-08-04T09:04:28.315861+00:00,e8890798168e2f9530d9e7247aff91781df889749ff849101a5c772ef2e4ac6c,0.1.0
GUCY2D,GUCY2D,,GN167,ClinGen Leber Congenital Amaurosis/early onset Retinal Dystrophy Expert Panel Specifications to the ACMG/AMP Variant Interpretation Guidelines for GUCY2D Version 1.0,Leber Congenital Amaurosis/early onset Retinal Dystrophy Variant Curation Expert Panel,1.0,current_released,2025-01-22T14:56:24.699Z,2025-01-22T14:56:24.699Z,"[{""id"": ""http://purl.obolibrary.org/obo/MONDO_0100453"", ""label"": ""MONDO:0100453""}]","[""https://hpo.jax.org/app/browse/term/HP:0000007""]",,,https://cspec.genome.network/cspec/api/SequenceVariantInterpretation/id/GN167,https://cspec.genome.network/cspec/SequenceVariantInterpretation/id/GN167,2026-08-04T09:04:28.319861+00:00,b860476bd7b9ad84632f3f544c65fe21c7aa9f64fd114ae29648b747da652d89,0.1.0
ACTA1,ACTA1,,GN169,ClinGen Congenital Myopathies Expert Panel Specifications to the ACMG/AMP Variant Interpretation Guidelines for ACTA1 Version 1.0,Congenital Myopathies Variant Curation Expert Panel,1.0,current_released,2024-08-07T13:59:42.506Z,2024-08-07T13:59:42.506Z,"[{""id"": ""http://purl.obolibrary.org/obo/MONDO_0100084"", ""label"": ""MONDO:0100084""}]","[""https://hpo.jax.org/app/browse/term/HP:0000007""]",,,https://cspec.genome.network/cspec/api/SequenceVariantInterpretation/id/GN169,https://cspec.genome.network/cspec/SequenceVariantInterpretation/id/GN169,2026-08-04T09:04:28.321861+00:00,e045302fe5fb7c7cda2bea507c8654f69c563ab652fb2fefac9fb8f4f00c6d2b,0.1.0
HBB,HBB,,GN170,ClinGen Hemoglobinopathy Expert Panel Specifications to the ACMG/AMP Variant Interpretation Guidelines for HBB Version 1.0,Hemoglobinopathy Variant Curation Expert Panel,1.0,current_released,2026-03-20T06:45:07.718Z,2026-03-20T06:45:07.718Z,"[{""id"": ""http://purl.obolibrary.org/obo/MONDO_0013517"", ""label"": ""MONDO:0013517""}]","[""https://hpo.jax.org/app/browse/term/HP:0000007""]",,,https://cspec.genome.network/cspec/api/SequenceVariantInterpretation/id/GN170,https://cspec.genome.network/cspec/SequenceVariantInterpretation/id/GN170,2026-08-04T09:04:28.323865+00:00,b7f7aa4b9f2b995ee107601992dde79190aad004ee1168414735fe5c7e2499bb,0.1.0
HBA2,HBA2,,GN173,ClinGen Hemoglobinopathy Expert Panel Specifications to the ACMG/AMP Variant Interpretation Guidelines for HBA2 Version 1.0,Hemoglobinopathy Variant Curation Expert Panel,1.0,current_released,2026-03-20T06:47:18.429Z,2026-03-20T06:47:18.429Z,"[{""id"": ""http://purl.obolibrary.org/obo/MONDO_0100562"", ""label"": ""MONDO:0100562""}]","[""https://hpo.jax.org/app/browse/term/HP:0000007""]",,,https://cspec.genome.network/cspec/api/SequenceVariantInterpretation/id/GN173,https://cspec.genome.network/cspec/SequenceVariantInterpretation/id/GN173,2026-08-04T09:04:28.327861+00:00,d1a2cbca4a5510d5e3ec7e2252e484376a9507368fb64cb22a1daf7eb026ba3d,0.1.0
RYR1,RYR1,,GN179,ClinGen Congenital Myopathies Expert Panel Specifications to the ACMG/AMP Variant Interpretation Guidelines for RYR1 Version 2.0,Congenital Myopathies Variant Curation Expert Panel,2.0,current_released,2024-12-12T14:12:55.370Z,2024-12-12T14:12:55.370Z,"[{""id"": ""http://purl.obolibrary.org/obo/MONDO_0100150"", ""label"": ""MONDO:0100150""}]","[""https://hpo.jax.org/app/browse/term/HP:0000007""]",,,https://cspec.genome.network/cspec/api/SequenceVariantInterpretation/id/GN179,https://cspec.genome.network/cspec/SequenceVariantInterpretation/id/GN179,2026-08-04T09:04:28.333241+00:00,6197bb365edee98701c84ab0160e1daf16a600b4ab89d4d3c8e6b9848071fe56,0.1.0
DYSF,DYSF,,GN180,ClinGen Limb Girdle Muscular Dystrophy Expert Panel Specifications to the ACMG/AMP Variant Interpretation Guidelines for DYSF Version 2.0,Limb Girdle Muscular Dystrophy Variant Curation Expert Panel,2.0,current_released,2025-07-09T20:36:39.113Z,2025-07-09T20:36:39.113Z,"[{""id"": ""http://purl.obolibrary.org/obo/MONDO_0015152"", ""label"": ""MONDO:0015152""}]","[""https://hpo.jax.org/app/browse/term/HP:0000007""]",,,https://cspec.genome.network/cspec/api/SequenceVariantInterpretation/id/GN180,https://cspec.genome.network/cspec/SequenceVariantInterpretation/id/GN180,2026-08-04T09:04:28.335241+00:00,f61a6f1967e93f924a0d9532949595262a734b3e6ebfb71d7388f77f906a81a9,0.1.0
SGCB,SGCB,,GN184,ClinGen Limb Girdle Muscular Dystrophy Expert Panel Specifications to the ACMG/AMP Variant Interpretation Guidelines for SGCB Version 2.0,Limb Girdle Muscular Dystrophy Variant Curation Expert Panel,2.0,current_released,2025-07-09T20:38:26.036Z,2025-07-09T20:38:26.036Z,"[{""id"": ""http://purl.obolibrary.org/obo/MONDO_0015152"", ""label"": ""MONDO:0015152""}]","[""https://hpo.jax.org/app/browse/term/HP:0000007""]",,,https://cspec.genome.network/cspec/api/SequenceVariantInterpretation/id/GN184,https://cspec.genome.network/cspec/SequenceVariantInterpretation/id/GN184,2026-08-04T09:04:28.340378+00:00,0ddf41ab24351869de41a373df91cbdb5adbd762ccf14b496cf03d50c2b105da,0.1.0
SGCG,SGCG,,GN185,ClinGen Limb Girdle Muscular Dystrophy Expert Panel Specifications to the ACMG/AMP Variant Interpretation Guidelines for SGCG Version 2.0,Limb Girdle Muscular Dystrophy Variant Curation Expert Panel,2.0,current_released,2025-07-09T20:39:39.288Z,2025-07-09T20:39:39.288Z,"[{""id"": ""http://purl.obolibrary.org/obo/MONDO_0015152"", ""label"": ""MONDO:0015152""}]","[""https://hpo.jax.org/app/browse/term/HP:0000007""]",,,https://cspec.genome.network/cspec/api/SequenceVariantInterpretation/id/GN185,https://cspec.genome.network/cspec/SequenceVariantInterpretation/id/GN185,2026-08-04T09:04:28.342377+00:00,056063328a8515b8454860c1fefeedcdc3c5b2a1ba2537207ea5b11c858d5400,0.1.0
SGCD,SGCD,,GN186,ClinGen Limb Girdle Muscular Dystrophy Expert Panel Specifications to the ACMG/AMP Variant Interpretation Guidelines for SGCD Version 2.0,Limb Girdle Muscular Dystrophy Variant Curation Expert Panel,2.0,current_released,2025-07-09T20:40:19.782Z,2025-07-09T20:40:19.782Z,"[{""id"": ""http://purl.obolibrary.org/obo/MONDO_0015152"", ""label"": ""MONDO:0015152""}]","[""https://hpo.jax.org/app/browse/term/HP:0000007""]",,,https://cspec.genome.network/cspec/api/SequenceVariantInterpretation/id/GN186,https://cspec.genome.network/cspec/SequenceVariantInterpretation/id/GN186,2026-08-04T09:04:28.344601+00:00,70e2b928430d99a758aed6292354262be034d81167634110fa57ac7ac96289d8,0.1.0
CAPN3,CAPN3,,GN187,ClinGen Limb Girdle Muscular Dystrophy Expert Panel Specifications to the ACMG/AMP Variant Interpretation Guidelines for CAPN3 Version 2.0,Limb Girdle Muscular Dystrophy Variant Curation Expert Panel,2.0,current_released,2025-07-09T20:40:51.764Z,2025-07-09T20:40:51.764Z,"[{""id"": ""http://purl.obolibrary.org/obo/MONDO_0015152"", ""label"": ""MONDO:0015152""}]","[""https://hpo.jax.org/app/browse/term/HP:0000007""]",,,https://cspec.genome.network/cspec/api/SequenceVariantInterpretation/id/GN187,https://cspec.genome.network/cspec/SequenceVariantInterpretation/id/GN187,2026-08-04T09:04:28.346998+00:00,3da97831a029abeeb5f1ed88e07dc87f40dd680420fc4fceade64d9e76883bb4,0.1.0
ANO5,ANO5,,GN188,ClinGen Limb Girdle Muscular Dystrophy Expert Panel Specifications to the ACMG/AMP Variant Interpretation Guidelines for ANO5 Version 2.0,Limb Girdle Muscular Dystrophy Variant Curation Expert Panel,2.0,current_released,2025-07-09T20:41:33.498Z,2025-07-09T20:41:33.498Z,"[{""id"": ""http://purl.obolibrary.org/obo/MONDO_0015152"", ""label"": ""MONDO:0015152""}]","[""https://hpo.jax.org/app/browse/term/HP:0000007""]",,,https://cspec.genome.network/cspec/api/SequenceVariantInterpretation/id/GN188,https://cspec.genome.network/cspec/SequenceVariantInterpretation/id/GN188,2026-08-04T09:04:28.349504+00:00,91203180e30c2b340a88441d8a078634c51cd33a0712b4670fedd5fb5b64b7e7,0.1.0
SGCA,SGCA,,GN189,ClinGen Limb Girdle Muscular Dystrophy Expert Panel Specifications to the ACMG/AMP Variant Interpretation Guidelines for SGCA Version 2.0,Limb Girdle Muscular Dystrophy Variant Curation Expert Panel,2.0,current_released,2025-07-09T20:42:06.420Z,2025-07-09T20:42:06.420Z,"[{""id"": ""http://purl.obolibrary.org/obo/MONDO_0015152"", ""label"": ""MONDO:0015152""}]","[""https://hpo.jax.org/app/browse/term/HP:0000007""]",,,https://cspec.genome.network/cspec/api/SequenceVariantInterpretation/id/GN189,https://cspec.genome.network/cspec/SequenceVariantInterpretation/id/GN189,2026-08-04T09:04:28.350870+00:00,a9f6fa1bae6783f81d78662a422b21a9613f3209bc44362cf3bc14f0a9023a72,0.1.0
AIPL1,AIPL1,,GN208,ClinGen Leber Congenital Amaurosis/early onset Retinal Dystrophy Expert Panel Specifications to the ACMG/AMP Variant Interpretation Guidelines for AIPL1 Version 1.0,Leber Congenital Amaurosis/early onset Retinal Dystrophy Variant Curation Expert Panel,1.0,current_released,2025-09-26T17:50:33.222Z,2025-09-26T17:50:33.222Z,"[{""id"": ""http://purl.obolibrary.org/obo/MONDO_0100438"", ""label"": ""MONDO:0100438""}]","[""https://hpo.jax.org/app/browse/term/HP:0000007""]",,,https://cspec.genome.network/cspec/api/SequenceVariantInterpretation/id/GN208,https://cspec.genome.network/cspec/SequenceVariantInterpretation/id/GN208,2026-08-04T09:04:28.366001+00:00,4ed3f6def1630413d99478e73cd86202ff56752528c17221adfbd95714da52d8,0.1.0
CEP290,CEP290,,GN226,ClinGen Leber Congenital Amaurosis/early onset Retinal Dystrophy Expert Panel Specifications to the ACMG/AMP Variant Interpretation Guidelines for CEP290 Version 1.0,Leber Congenital Amaurosis/early onset Retinal Dystrophy Variant Curation Expert Panel,1.0,current_released,2026-07-02T17:13:36.399Z,2026-07-02T17:13:36.399Z,"[{""id"": ""http://purl.obolibrary.org/obo/MONDO_0100451"", ""label"": ""MONDO:0100451""}]","[""https://hpo.jax.org/app/browse/term/HP:0000007""]",,,https://cspec.genome.network/cspec/api/SequenceVariantInterpretation/id/GN226,https://cspec.genome.network/cspec/SequenceVariantInterpretation/id/GN226,2026-08-04T09:04:28.380477+00:00,6429f5249a8b3c850ebf033757f40cad9028fdb432af193e0599e18e16db8dc0,0.1.0
